-- SCHEMA: public

-------------------- INSERÇÕES - POVOAMENTO DO BANCO -------------------

------------------------------- PESSOA -------------------------------
INSERT INTO pessoa (id_pessoa, cpf, nome, endereco, nascimento)
VALUES (33, '12345678909', 'Leila Almeida Cavalcanti', 'Avenida São José, 200. São Paulo-SP', '19980131');
INSERT INTO pessoa (id_pessoa, cpf, nome, endereco, nascimento)
VALUES (34, '12345679972', 'Yasmin Rodrigues Lima', 'Rua João Soriani, 17. Londrina-PR', '19810214');
INSERT INTO pessoa (id_pessoa, cpf, nome, endereco, nascimento)
VALUES (35, '12345698926', 'Kaike Barbosa Almeida', 'Rua Antônio Dias de Menezes Filho, 257. Contagem-MG', '19721122');
INSERT INTO pessoa (id_pessoa, cpf, nome, endereco, nascimento)
VALUES (36, '12345978961', 'Gabriela Martins Barros', 'Avenida Cidade de Pelotas, 123. Rio Grande-RS', '19680720');
INSERT INTO pessoa (id_pessoa, cpf, nome, endereco, nascimento)
VALUES (37, '12349678989', 'João Paulo Martins', 'Avenida Santo Antonio, Salvador-BA', '19910715');
INSERT INTO pessoa (id_pessoa, cpf, nome, endereco, nascimento)
VALUES (38, '12345678739', 'Rafael Araujo Lima', 'Rua Vinte e Três, 40. Mogi das Cruzes-SP', '19660322');
INSERT INTO pessoa (id_pessoa, cpf, nome, endereco, nascimento)
VALUES (39, '12345677929', 'Ana Fernandes Barbosa', 'Rua Paulo Torne, 83. Manaus-AM', '19810214');
INSERT INTO pessoa (id_pessoa, cpf, nome, endereco, nascimento)
VALUES (40, '12345688963', 'Rogerio Pereira Alencar', 'Rua Machado de Assis, 257. Contagem-MG', '19721122');
INSERT INTO pessoa (id_pessoa, cpf, nome, endereco, nascimento)
VALUES (41, '12345778954', 'Leila Torres Rocha', 'Avenida Ipiranga, 2100. Olinda-PE', '19930317');
INSERT INTO pessoa (id_pessoa, cpf, nome, endereco, nascimento)
VALUES (42, '12347678990', 'Kauã Silva Porto', 'Rua dos Alarmistas, 34. Curitiba-Pr', '19851222');

INSERT INTO pessoa (id_pessoa, cpf, nome, nascimento, endereco)
VALUES (0, '33344455508', 'Denise Maria Avancini', '19750514', 'Avenida Almirante Maximiano Fonseca 45 - SP');
INSERT INTO pessoa (id_pessoa, cpf, nome, nascimento, endereco)
VALUES (1, '33344466623', 'Raymundo Soares de Azevedo', '19620226', 'Rua dos Carijós 66 - MG');
INSERT INTO pessoa (id_pessoa, cpf, nome, nascimento, endereco)
VALUES (2, '33344477749', 'Wu Tu Hsing', '19701125', 'Avenida Tocantins 23 - RS');
INSERT INTO pessoa (id_pessoa, cpf, nome, nascimento, endereco)
VALUES (3, '33344488864', 'Suely Kazue Nagahashi', '19610911', 'Avenida Governador José Malcher 78 PR');
INSERT INTO pessoa (id_pessoa, cpf, nome, nascimento, endereco)
VALUES (4, '33344499980', 'Eduardo Genaro Mutarelli', '19760301', 'Avenida Rio Branco 99 - AM');
INSERT INTO pessoa (id_pessoa, cpf, nome, nascimento, endereco)
VALUES (5, '33344400010', 'Edna Maria de Albuquerque', '19650507', 'Avenida Tocantins 11 - ES');
INSERT INTO pessoa (id_pessoa, cpf, nome, nascimento, endereco)
VALUES (6, '33355566667', 'Thelma Suely Okay', '19800922', 'Avenida Governador José Malcher 4 - RS');
INSERT INTO pessoa (id_pessoa, cpf, nome, nascimento, endereco)
VALUES (7, '33355577782', 'Carlos Alberto Moreira Filho','19680129', 'Rua Serra de Bragança 7 - SC');
INSERT INTO pessoa (id_pessoa, cpf, nome, nascimento, endereco)
VALUES (8, '33355588806', 'Caio Henrique Freitas', '19910402', 'Avenida Governador José Malcher 8 - BA');
INSERT INTO pessoa (id_pessoa, cpf, nome, nascimento, endereco)
VALUES (9, '33355599913', 'Paulo Amorim Moreira', '19780125', 'Rua Domingos Olímpio 1 - SE');
INSERT INTO pessoa (id_pessoa, cpf, nome, nascimento, endereco)
VALUES (10, '22255599961', 'Rosana Sayuri Sato', '19830811', 'Avenida Afonso Pena 22 - SP');
INSERT INTO pessoa (id_pessoa, cpf, nome, nascimento, endereco)
VALUES (11, '22244499928', 'Doralice Severo da Cruz', '19940105', 'Rua Cristiano Olsen 76 - RJ');
INSERT INTO pessoa (id_pessoa, cpf, nome, nascimento, endereco)
VALUES (12, '22266699903', 'Fernão Dias de Lima', '19681215', 'Rua Domingos Olímpio 56 - AM');
INSERT INTO pessoa (id_pessoa, cpf, nome, nascimento, endereco)
VALUES (13, '22277799939', 'Eunice Aparecida Galati', '19781231', 'Rua Serra de Bragança 555 - AC');
INSERT INTO pessoa (id_pessoa, cpf, nome, nascimento, endereco)
VALUES (14, '22288899972', 'Agnaldo Edson do Nascimento', '19880211', 'Rua Arlindo Nogueira 43 - RJ');
INSERT INTO pessoa (id_pessoa, cpf, nome, nascimento, endereco)
VALUES (15, '33366600098', 'Edimilson Ramos Migowski', '19700606', 'Travessa da CDL 88 - MG');
INSERT INTO pessoa (id_pessoa, cpf, nome, nascimento, endereco)
VALUES (16, '33377766634', 'Elaine Sobral da Costa', '19701022', 'Rua Carlos Augusto Cornelsen 90 - AM');
INSERT INTO pessoa (id_pessoa, cpf, nome, nascimento, endereco)
VALUES (17, '33388877793', 'Marcia Gonçalves Ribeiro','19901129', 'Avenida Esbertalina Barbosa 77 - ES');
INSERT INTO pessoa (id_pessoa, cpf, nome, nascimento, endereco)
VALUES (18, '33366611103', 'Dalila Poli de Carvalho','19921122', 'Praça da República 21 - AL');
INSERT INTO pessoa (id_pessoa, cpf, nome, nascimento, endereco)
VALUES (19, '33377711147', 'José Carlos Pando Esperança', '19680210', 'Rua Arlindo Nogueira 09 - RN');
INSERT INTO pessoa (id_pessoa, cpf, nome, nascimento, endereco)
VALUES (20, '33399911114', 'Valeria Ferreira Romano', '19770303', 'Rua Barão de Vitória 76 - RR');
INSERT INTO pessoa (id_pessoa, cpf, nome, nascimento, endereco)
VALUES (21, '22299911162', 'Iranaia Assunção Miranda', '19810514', 'Avenida Almirante Maximiano Fonseca 34 - MT');
INSERT INTO pessoa (id_pessoa, cpf, nome, nascimento, endereco)
VALUES (22, '22299922288', 'Juliana Reis Cortinez', '19911214', 'Rua Pereira Estéfano 22 - MS');
INSERT INTO pessoa (id_pessoa, cpf, nome, nascimento, endereco)
VALUES (23, '22299933301', 'Davis Ferreira', '19741101', 'Rua Arlindo Nogueira 11 - SP');
INSERT INTO pessoa (id_pessoa, cpf, nome, nascimento, endereco)
VALUES (24, '22299944419', 'Ana Marcia de Sá Guimarães', '19660726', 'Rua Cristiano Olsen 5 - GO');
INSERT INTO pessoa (id_pessoa, cpf, nome, nascimento, endereco)
VALUES (25, '22299955534', 'Beny Spira', '19711027', 'Rua Carlos Augusto Cornelsen 6 - TO');
INSERT INTO pessoa (id_pessoa, cpf, nome, nascimento, endereco)
VALUES (26, '22299966650', 'Nísia Trindade Lima', '19690401', 'Rua Domingos Olímpio 7 - SP');
INSERT INTO pessoa (id_pessoa, cpf, nome, nascimento, endereco)
VALUES (27, '22299977775', 'Maria Rachel de Gomensoro', '19901029', 'Rua Frederico Moura 86 - RJ');
INSERT INTO pessoa (id_pessoa, cpf, nome, nascimento, endereco)
VALUES (28, '22299988890', 'Magali Romero Sá', '19770730', 'Avenida Esbertalina Barbosa Damiani 105 - MG');
INSERT INTO pessoa (id_pessoa, cpf, nome, nascimento, endereco)
VALUES (29, '22288844485', 'Gilberto Hochman','19711130', 'Rua Tenente-Coronel Cardoso 110 - AM');
INSERT INTO pessoa (id_pessoa, cpf, nome, nascimento, endereco)
VALUES (30, '22288866616', 'Flavio Coelho Edler', '19711228', 'Rua Arlindo Nogueira 121 - SE');
INSERT INTO pessoa (id_pessoa, cpf, nome, nascimento, endereco)
VALUES (31, '44455566619', 'Rogerio Marcos Fernandes','19880811', 'Avenida Maria Luísa do Val Penteado 323 - ES');
INSERT INTO pessoa (id_pessoa, cpf, nome, nascimento, endereco)
VALUES (32, '44455577734', 'Pedro Gigeck Freire','19751021', 'Rua Cândido Portinari 350 - AL');

------------------------------- USUÁRIOS --------------------------------
INSERT INTO usuario (id_usuario, area_de_pesquisa, instituicao, login, senha, id_tutor)
VALUES (0, 'Patologia', 'FMUSP', 'denise_maria', 'denise0101', NULL);
INSERT INTO usuario (id_usuario, area_de_pesquisa, instituicao, login, senha, id_tutor)
VALUES (1, 'Patologia', 'FMUSP', 'raymundo_soares', 'raymundo0505', NULL);
INSERT INTO usuario (id_usuario, area_de_pesquisa, instituicao, login, senha, id_tutor)
VALUES (2, 'Patologia', 'FMUSP', 'wu_tu', 'hsing999', NULL);
INSERT INTO usuario (id_usuario, area_de_pesquisa, instituicao, login, senha, id_tutor)
VALUES (3, 'Neurologia', 'FMUSP', 'suely_kazue', 'nagahashi123', NULL);
INSERT INTO usuario (id_usuario, area_de_pesquisa, instituicao, login, senha, id_tutor)
VALUES (4, 'Neurologia', 'FMUSP', 'eduardo_genaro', 'mutarelli456', NULL);
INSERT INTO usuario (id_usuario, area_de_pesquisa, instituicao, login, senha, id_tutor)
VALUES (5, 'Pediatria', 'FMUSP', 'edna_maria', 'albuquerque789', NULL);
INSERT INTO usuario (id_usuario, area_de_pesquisa, instituicao, login, senha, id_tutor)
VALUES (6,'Pediatria', 'FMUSP', 'thelma_suely', 'okayokay', NULL);
INSERT INTO usuario (id_usuario, area_de_pesquisa, instituicao, login, senha, id_tutor)
VALUES (7, 'Pediatria', 'FMUSP', 'carlos_alberto', 'cazalbe15', NULL);
INSERT INTO usuario (id_usuario, area_de_pesquisa, instituicao, login, senha, id_tutor)
VALUES (8, 'Epidemiologia', 'FMUSP', 'caio_henrique', 'freitas1991', NULL);
INSERT INTO usuario (id_usuario, area_de_pesquisa, instituicao, login, senha, id_tutor)
VALUES (9, 'Epidemiologia', 'FMUSP', 'paulo_amorim', 'moreira123', NULL);
INSERT INTO usuario (id_usuario, area_de_pesquisa, instituicao, login, senha, id_tutor)
VALUES (10, 'Saúde Pública', 'FSPUSP','rosana_sayuri', 'sato456', NULL);
INSERT INTO usuario (id_usuario, area_de_pesquisa, instituicao, login, senha, id_tutor)
VALUES (11, 'Saúde Pública', 'FSPUSP', 'doralice_severo', 'cruz789', NULL);
INSERT INTO usuario (id_usuario, area_de_pesquisa, instituicao, login, senha, id_tutor)
VALUES (12, 'Saúde Pública', 'FSPUSP',  'fernao_dias', 'limalima10', NULL);
INSERT INTO usuario (id_usuario, area_de_pesquisa, instituicao, login, senha, id_tutor)
VALUES (13, 'Saúde Pública', 'FSPUSP',  'eunice_aparecida', 'galati123', NULL);
INSERT INTO usuario (id_usuario, area_de_pesquisa, instituicao, login, senha, id_tutor)
VALUES (14, 'Saúde Pública', 'FSPUSP',  'agnaldo_edson', 'nascimento88', NULL);
INSERT INTO usuario (id_usuario, area_de_pesquisa, instituicao, login, senha, id_tutor)
VALUES (15, 'Pediatria', 'FMUFRJ', 'edimilson_ramos', 'migowski789', NULL);
INSERT INTO usuario (id_usuario, area_de_pesquisa, instituicao, login, senha, id_tutor)
VALUES (16, 'Pediatria', 'FMUFRJ',  'elaine_sobral', 'costa1970', NULL);
INSERT INTO usuario (id_usuario, area_de_pesquisa, instituicao, login, senha, id_tutor)
VALUES (17, 'Pediatria', 'FMUFRJ',  'marcia_goncalves', 'ribeiro123', NULL);
INSERT INTO usuario (id_usuario, area_de_pesquisa, instituicao, login, senha, id_tutor)
VALUES (18, 'Patologia', 'FMUFRJ',  'dalila_poli', 'carvalho10', NULL);
INSERT INTO usuario (id_usuario, area_de_pesquisa, instituicao, login, senha, id_tutor)
VALUES (19, 'Patologia', 'FMUFRJ', 'jose_pando', 'esperanca123', NULL);
INSERT INTO usuario (id_usuario, area_de_pesquisa, instituicao, login, senha, id_tutor)
VALUES (20, 'Patologia', 'FMUFRJ', 'maria_conceicao', 'zacharias456', NULL);
INSERT INTO usuario (id_usuario, area_de_pesquisa, instituicao, login, senha, id_tutor)
VALUES (21, 'Virologia', 'IMUFRJ', 'iranaia_assuncao', 'miranda123', NULL);
INSERT INTO usuario (id_usuario, area_de_pesquisa, instituicao, login, senha, id_tutor)
VALUES (22, 'Virologia', 'IMUFRJ', 'juliana_reis', 'cortinez246', NULL);
INSERT INTO usuario (id_usuario, area_de_pesquisa, instituicao, login, senha, id_tutor)
VALUES (23, 'Virologia', 'IMUFRJ', 'davis_ferreira', 'ferreira74', NULL);
INSERT INTO usuario (id_usuario, area_de_pesquisa, instituicao, login, senha, id_tutor)
VALUES (24, 'Virologia', 'ICBUSP',  'ana_marcia', 'guimaraes123', NULL);
INSERT INTO usuario (id_usuario, area_de_pesquisa, instituicao, login, senha, id_tutor)
VALUES (25, 'Virologia', 'ICBUSP',  'beny_spira', 'spyrapira', NULL);
INSERT INTO usuario (id_usuario, area_de_pesquisa, instituicao, login, senha, id_tutor)
VALUES (26, 'Virologia', 'FIOCRUZ','nisia_trindade', 'lima789', NULL);
INSERT INTO usuario (id_usuario, area_de_pesquisa, instituicao, login, senha, id_tutor)
VALUES (27, 'Virologia', 'FIOCRUZ', 'maria_rachel', 'gomensoro246', NULL);
INSERT INTO usuario (id_usuario, area_de_pesquisa, instituicao, login, senha, id_tutor)
VALUES (28, 'Patologia', 'FIOCRUZ',  'magali_roma', 'sasasa3', NULL);
INSERT INTO usuario (id_usuario, area_de_pesquisa, instituicao, login, senha, id_tutor)
VALUES (29, 'Patologia', 'FIOCRUZ', 'gilberto_hochman', 'hockmano10', NULL);
INSERT INTO usuario (id_usuario, area_de_pesquisa, instituicao, login, senha, id_tutor)
VALUES (30, 'Saúde Pública', 'FIOCRUZ', 'flavio_coelho', 'edler123', NULL);
INSERT INTO usuario (id_usuario, area_de_pesquisa, instituicao, login, senha, id_tutor)
VALUES (31, 'Virologia', 'FIOCRUZ', 'rogerio_marcos', 'rogerinho1010', NULL);
INSERT INTO usuario (id_usuario, area_de_pesquisa, instituicao, login, senha, id_tutor)
VALUES (32, 'Patologia', 'FIOCRUZ', 'pedro_gigeck', 'trabalhonota10', NULL);

------------------------------- PACIENTE -------------------------------
INSERT INTO paciente (id_paciente) VALUES (33);
INSERT INTO paciente (id_paciente) VALUES (34);
INSERT INTO paciente (id_paciente) VALUES (35);
INSERT INTO paciente (id_paciente) VALUES (36);
INSERT INTO paciente (id_paciente) VALUES (37);
INSERT INTO paciente (id_paciente) VALUES (38);
INSERT INTO paciente (id_paciente) VALUES (39);
INSERT INTO paciente (id_paciente) VALUES (40);
INSERT INTO paciente (id_paciente) VALUES (41);
INSERT INTO paciente (id_paciente) VALUES (42);

------------------------------ SERVIÇO ----------------------------
INSERT INTO servico (id_servico, nome, classe)
VALUES (0, 'Visualiza Exame', 'visualização');
INSERT INTO servico (id_servico, nome, classe)
VALUES (1, 'Insere Exame', 'inserção');
INSERT INTO servico (id_servico, nome, classe)
VALUES (2, 'Altera Exame', 'alteração');
INSERT INTO servico (id_servico, nome, classe)
VALUES (3, 'Remove Exame', 'remoção');

-------------------- EXAME ---------------------
INSERT INTO exame (id_exame, tipo, virus) VALUES (0, 'PCR', 'H1N1');
INSERT INTO exame (id_exame, tipo, virus) VALUES (1, 'PCR', 'Influenza');
INSERT INTO exame (id_exame, tipo, virus) VALUES (2, 'PCR', 'COVID19');
INSERT INTO exame (id_exame, tipo, virus) VALUES (3, 'PCR', 'SARSCOV2');
INSERT INTO exame (id_exame, tipo, virus) VALUES (4, 'anticorpos', 'H1N1');
INSERT INTO exame (id_exame, tipo, virus) VALUES (5, 'anticorpos', 'Influenza');
INSERT INTO exame (id_exame, tipo, virus) VALUES (6, 'anticorpos', 'COVID19');
INSERT INTO exame (id_exame, tipo, virus) VALUES (7, 'anticorpos', 'SARSCOV2');

-------------------- PERFIL ---------------------
INSERT INTO perfil (id_perfil, codigo, tipo)
VALUES (0, '0', 'pesquisador');
INSERT INTO perfil (id_perfil, codigo, tipo)
VALUES (1, '1', 'aluno');
INSERT INTO perfil (id_perfil, codigo, tipo)
VALUES (2, '2', 'funcionario');
INSERT INTO perfil (id_perfil, codigo, tipo)
VALUES (3, '3', 'administrador');
INSERT INTO perfil (id_perfil, codigo, tipo)
VALUES (4, '4', 'usuário comum');
INSERT INTO perfil (id_perfil, codigo, tipo)
VALUES (5, '5', 'eventuais');

----------------------- POSSUI (USUARIO x PERFIL) -------------------------------
INSERT INTO possui (id_usuario, id_perfil) VALUES (0, 0);
INSERT INTO possui (id_usuario, id_perfil) VALUES (1, 0);
INSERT INTO possui (id_usuario, id_perfil) VALUES (2, 0);
INSERT INTO possui (id_usuario, id_perfil) VALUES (3, 0);
INSERT INTO possui (id_usuario, id_perfil) VALUES (4, 0);
INSERT INTO possui (id_usuario, id_perfil) VALUES (5, 0);
INSERT INTO possui (id_usuario, id_perfil) VALUES (6, 0);
INSERT INTO possui (id_usuario, id_perfil) VALUES (7, 1);
INSERT INTO possui (id_usuario, id_perfil) VALUES (9, 1);
INSERT INTO possui (id_usuario, id_perfil) VALUES (10, 1);
INSERT INTO possui (id_usuario, id_perfil) VALUES (11, 1);
INSERT INTO possui (id_usuario, id_perfil) VALUES (12, 2);
INSERT INTO possui (id_usuario, id_perfil) VALUES (13, 2);
INSERT INTO possui (id_usuario, id_perfil) VALUES (14, 3);
INSERT INTO possui (id_usuario, id_perfil) VALUES (15, 3);
INSERT INTO possui (id_usuario, id_perfil) VALUES (16, 1);
INSERT INTO possui (id_usuario, id_perfil) VALUES (17, 4);
INSERT INTO possui (id_usuario, id_perfil) VALUES (18, 0);
INSERT INTO possui (id_usuario, id_perfil) VALUES (19, 0);
INSERT INTO possui (id_usuario, id_perfil) VALUES (20, 0);
INSERT INTO possui (id_usuario, id_perfil) VALUES (21, 0);
INSERT INTO possui (id_usuario, id_perfil) VALUES (22, 1);
INSERT INTO possui (id_usuario, id_perfil) VALUES (23, 1);
INSERT INTO possui (id_usuario, id_perfil) VALUES (24, 1);
INSERT INTO possui (id_usuario, id_perfil) VALUES (25, 1);
INSERT INTO possui (id_usuario, id_perfil) VALUES (26, 2);
INSERT INTO possui (id_usuario, id_perfil) VALUES (27, 2);
INSERT INTO possui (id_usuario, id_perfil) VALUES (28, 1);
INSERT INTO possui (id_usuario, id_perfil) VALUES (29, 1);
INSERT INTO possui (id_usuario, id_perfil) VALUES (30, 2);
INSERT INTO possui (id_usuario, id_perfil) VALUES (31, 3);
INSERT INTO possui (id_usuario, id_perfil) VALUES (32, 3);

--------------------- GERENCIA (SERVIÇO x EXAME) -------------------------
INSERT INTO gerencia (id_servico, id_exame) VALUES (0, 0);
INSERT INTO gerencia (id_servico, id_exame) VALUES (0, 1);
INSERT INTO gerencia (id_servico, id_exame) VALUES (0, 2);
INSERT INTO gerencia (id_servico, id_exame) VALUES (0, 3);
INSERT INTO gerencia (id_servico, id_exame) VALUES (0, 4);
INSERT INTO gerencia (id_servico, id_exame) VALUES (0, 5);
INSERT INTO gerencia (id_servico, id_exame) VALUES (0, 6);
INSERT INTO gerencia (id_servico, id_exame) VALUES (0, 7);
INSERT INTO gerencia (id_servico, id_exame) VALUES (1, 0);
INSERT INTO gerencia (id_servico, id_exame) VALUES (1, 1);
INSERT INTO gerencia (id_servico, id_exame) VALUES (1, 2);
INSERT INTO gerencia (id_servico, id_exame) VALUES (1, 3);
INSERT INTO gerencia (id_servico, id_exame) VALUES (1, 4);
INSERT INTO gerencia (id_servico, id_exame) VALUES (1, 5);
INSERT INTO gerencia (id_servico, id_exame) VALUES (1, 6);
INSERT INTO gerencia (id_servico, id_exame) VALUES (1, 7);
INSERT INTO gerencia (id_servico, id_exame) VALUES (2, 0);
INSERT INTO gerencia (id_servico, id_exame) VALUES (2, 1);
INSERT INTO gerencia (id_servico, id_exame) VALUES (2, 2);
INSERT INTO gerencia (id_servico, id_exame) VALUES (2, 3);
INSERT INTO gerencia (id_servico, id_exame) VALUES (2, 4);
INSERT INTO gerencia (id_servico, id_exame) VALUES (2, 5);
INSERT INTO gerencia (id_servico, id_exame) VALUES (2, 6);
INSERT INTO gerencia (id_servico, id_exame) VALUES (2, 7);
INSERT INTO gerencia (id_servico, id_exame) VALUES (3, 0);
INSERT INTO gerencia (id_servico, id_exame) VALUES (3, 1);
INSERT INTO gerencia (id_servico, id_exame) VALUES (3, 2);
INSERT INTO gerencia (id_servico, id_exame) VALUES (3, 3);
INSERT INTO gerencia (id_servico, id_exame) VALUES (3, 4);
INSERT INTO gerencia (id_servico, id_exame) VALUES (3, 5);
INSERT INTO gerencia (id_servico, id_exame) VALUES (3, 6);
INSERT INTO gerencia (id_servico, id_exame) VALUES (3, 7);

----------------------- AMOSTRAS ------------------------
INSERT INTO amostra (id_paciente, id_exame, codigo_amostra, metodo_de_coleta, material)
VALUES (33, 6, 0, 'lancetador', 'sangue');
INSERT INTO amostra (id_paciente, id_exame, codigo_amostra, metodo_de_coleta, material)
VALUES (33, 2, 1, 'swab', 'muco nasal');
INSERT INTO amostra (id_paciente, id_exame, codigo_amostra, metodo_de_coleta, material)
VALUES (34, 7, 2, 'lancetador', 'sangue');
INSERT INTO amostra (id_paciente, id_exame, codigo_amostra, metodo_de_coleta, material)
VALUES (34, 6, 3, 'lancetador', 'sangue');
INSERT INTO amostra (id_paciente, id_exame, codigo_amostra, metodo_de_coleta, material)
VALUES (35, 0, 4, 'swab', 'muco nasal');
INSERT INTO amostra (id_paciente, id_exame, codigo_amostra, metodo_de_coleta, material)
VALUES (35, 4, 5, 'lancetador', 'sangue');
INSERT INTO amostra (id_paciente, id_exame, codigo_amostra, metodo_de_coleta, material)
VALUES (36, 1, 6, 'swab', 'muco nasal');
INSERT INTO amostra (id_paciente, id_exame, codigo_amostra, metodo_de_coleta, material)
VALUES (36, 5, 7, 'lancetador', 'sangue');
INSERT INTO amostra (id_paciente, id_exame, codigo_amostra, metodo_de_coleta, material)
VALUES (37, 1, 8, 'swab', 'muco nasal');
INSERT INTO amostra (id_paciente, id_exame, codigo_amostra, metodo_de_coleta, material)
VALUES (37, 2, 9, 'lancetador', 'sangue');

----------------------- REALIZA ------------------------
INSERT INTO realiza (id_paciente, id_exame, codigo_amostra, data_de_solicitacao, data_de_realizacao)
VALUES (33, 6, 0, '20200412 10:00:00', '20200415 12:00:30');
INSERT INTO realiza (id_paciente, id_exame, codigo_amostra, data_de_solicitacao, data_de_realizacao)
VALUES (33, 6, 1, '20200401 14:30:00', '20200402 18:40:30');
INSERT INTO realiza (id_paciente, id_exame, codigo_amostra, data_de_solicitacao, data_de_realizacao)
VALUES (34, 6, 4, '20200521 16:45:30', '20200521 19:22:00');
INSERT INTO realiza (id_paciente, id_exame, codigo_amostra, data_de_solicitacao, data_de_realizacao)
VALUES (34, 6, 5, '20200524 09:05:00', '20200529 10:50:00');
INSERT INTO realiza (id_paciente, id_exame, codigo_amostra, data_de_solicitacao, data_de_realizacao)
VALUES (35, 6, 6, '20200510 09:10:00', '20200510 16:05:00');
INSERT INTO realiza (id_paciente, id_exame, codigo_amostra, data_de_solicitacao, data_de_realizacao)
VALUES (35, 6, 7, '20200507 17:30:00', '20200510 07:10:00');
INSERT INTO realiza (id_paciente, id_exame, codigo_amostra, data_de_solicitacao, data_de_realizacao)
VALUES (36, 1, 8, '20200424 12:40:00','20200510 10:55:30');
INSERT INTO realiza (id_paciente, id_exame, codigo_amostra, data_de_solicitacao, data_de_realizacao)
VALUES (36, 5, 9, '20200410 10:00:00', '20200424 18:00:00');
INSERT INTO realiza (id_paciente, id_exame, codigo_amostra, data_de_solicitacao, data_de_realizacao)
VALUES (37, 1, 2, '20200330 07:20:30', '20200330 09:05:00');
INSERT INTO realiza (id_paciente, id_exame, codigo_amostra, data_de_solicitacao, data_de_realizacao)
VALUES (37, 2, 0, '20200325 11:10:00', '20200327 11:00:00');

------------------ PERTENCE (PERFIL x SERVIÇO) -----------------
INSERT INTO pertence (id_perfil, id_servico) VALUES (0, 0);
INSERT INTO pertence (id_perfil, id_servico) VALUES (0, 1);
INSERT INTO pertence (id_perfil, id_servico) VALUES (1, 0);
INSERT INTO pertence (id_perfil, id_servico) VALUES (2, 0);
INSERT INTO pertence (id_perfil, id_servico) VALUES (2, 2);
INSERT INTO pertence (id_perfil, id_servico) VALUES (3, 0);
INSERT INTO pertence (id_perfil, id_servico) VALUES (3, 1);
INSERT INTO pertence (id_perfil, id_servico) VALUES (3, 2);
INSERT INTO pertence (id_perfil, id_servico) VALUES (3, 3);
INSERT INTO pertence (id_perfil, id_servico) VALUES (4, 0);
INSERT INTO pertence (id_perfil, id_servico) VALUES (5, 0);

------------------ TUTELAMENTO -----------------
INSERT INTO tutelamento (id_usuario_tutelado, id_tutor, id_servico, id_perfil, data_de_inicio, data_de_termino)
VALUES (7, 20, 1, 1, current_timestamp, NULL);
INSERT INTO tutelamento (id_usuario_tutelado, id_tutor, id_servico, id_perfil, data_de_inicio, data_de_termino)
VALUES (9, 2, 1, 1, current_timestamp, NULL);
INSERT INTO tutelamento (id_usuario_tutelado, id_tutor, id_servico, id_perfil, data_de_inicio, data_de_termino)
VALUES (29, 5, 1, 1, current_timestamp, NULL);
INSERT INTO tutelamento (id_usuario_tutelado, id_tutor, id_servico, id_perfil, data_de_inicio, data_de_termino)
VALUES (4, 13, 2, 2, current_timestamp, NULL);
INSERT INTO tutelamento (id_usuario_tutelado, id_tutor, id_servico, id_perfil, data_de_inicio, data_de_termino)
VALUES (24, 32, 3, 3, current_timestamp, NULL);
INSERT INTO tutelamento (id_usuario_tutelado, id_tutor, id_servico, id_perfil, data_de_inicio, data_de_termino)
VALUES (25, 31, 3, 3, current_timestamp, NULL);

UPDATE usuario SET id_tutor = 31 WHERE id_usuario = 25;
UPDATE usuario SET id_tutor = 32 WHERE id_usuario = 24;
UPDATE usuario SET id_tutor = 13 WHERE id_usuario = 4;
UPDATE usuario SET id_tutor = 5 WHERE id_usuario = 29;
UPDATE usuario SET id_tutor = 2 WHERE id_usuario = 9;
UPDATE usuario SET id_tutor = 20 WHERE id_usuario = 7;

------------------ REALIZOU ---------------
INSERT INTO realizou (id_usuario, id_servico, id_exame, data_realizacao)
VALUES (3, 0, 1, CURRENT_TIMESTAMP);
INSERT INTO realizou (id_usuario, id_servico, id_exame, data_realizacao)
VALUES (27, 0, 2, CURRENT_TIMESTAMP);
INSERT INTO realizou (id_usuario, id_servico, id_exame, data_realizacao)
VALUES (15, 0, 3, CURRENT_TIMESTAMP);
INSERT INTO realizou (id_usuario, id_servico, id_exame, data_realizacao)
VALUES (12, 2, 4, CURRENT_TIMESTAMP);
INSERT INTO realizou (id_usuario, id_servico, id_exame, data_realizacao)
VALUES (14, 2, 5, CURRENT_TIMESTAMP);
INSERT INTO realizou (id_usuario, id_servico, id_exame, data_realizacao)
VALUES (19, 1, 0, CURRENT_TIMESTAMP);
INSERT INTO realizou (id_usuario, id_servico, id_exame, data_realizacao)
VALUES (26, 2, 7, CURRENT_TIMESTAMP);
INSERT INTO realizou (id_usuario, id_servico, id_exame, data_realizacao)
VALUES (25, 2, 6, CURRENT_TIMESTAMP);
INSERT INTO realizou (id_usuario, id_servico, id_exame, data_realizacao)
VALUES (31, 3, 2, CURRENT_TIMESTAMP);
INSERT INTO realizou (id_usuario, id_servico, id_exame, data_realizacao)
VALUES (32, 3, 7, CURRENT_TIMESTAMP);
INSERT INTO realizou (id_usuario, id_servico, id_exame, data_realizacao)
VALUES (3, 1, 5, CURRENT_TIMESTAMP);
INSERT INTO realizou (id_usuario, id_servico, id_exame, data_realizacao)
VALUES (9, 1, 5, CURRENT_TIMESTAMP);
INSERT INTO realizou (id_usuario, id_servico, id_exame, data_realizacao)
VALUES (25, 3, 0, CURRENT_TIMESTAMP);
INSERT INTO realizou (id_usuario, id_servico, id_exame, data_realizacao)
VALUES (9, 1, 4, CURRENT_TIMESTAMP);
