time;ax;ay;az;aT
0.004000;-1.5210;-0.0551;-3.1264;3.477
0.004000;-1.1358;0.5724;-2.3185;2.644
0.014000;-0.1041;0.8448;-1.0072;1.319
0.024000;0.6985;0.8461;0.1683;1.110
0.034000;0.9733;0.7256;1.4494;1.891
0.044000;0.8640;0.4959;2.4402;2.636
0.054000;0.6063;0.1459;2.6672;2.739
0.064000;0.1485;-0.2134;2.2440;2.259
0.076000;-0.3299;-0.4928;1.4213;1.540
0.084000;-0.6003;-0.5491;0.5013;0.956
0.094000;-0.6792;-0.4261;-0.2152;0.830
0.104000;-0.5488;-0.1846;-0.6229;0.851
0.114000;-0.3603;0.0804;-0.6536;0.751
0.125000;-0.1611;0.2551;-0.3233;0.442
0.134000;-0.0033;0.3628;0.1856;0.408
0.144000;0.1906;0.3257;0.2543;0.455
0.154000;0.2482;0.1032;0.1523;0.309
0.164000;0.0306;0.0346;-0.0082;0.047
0.175000;-0.1630;-0.0491;-0.0755;0.186
0.184000;-0.2690;-0.1535;-0.1093;0.328
0.194000;-0.3855;-0.2636;-0.2355;0.523
0.204000;-0.3920;-0.2492;-0.3645;0.590
0.214000;-0.3243;-0.2014;-0.4138;0.563
0.225000;-0.2416;-0.1799;-0.4913;0.576
0.234000;-0.2126;-0.1419;-0.4397;0.509
0.244000;-0.1959;-0.0645;-0.2308;0.309
0.254000;-0.0960;0.0804;0.0306;0.129
0.263000;0.0421;0.1852;0.3359;0.386
0.276000;0.1236;0.1216;0.5478;0.575
0.284000;0.1252;-0.0194;0.6074;0.620
0.295000;0.0580;-0.1455;0.5289;0.552
0.304000;-0.0380;-0.2082;0.4962;0.539
0.314000;-0.0946;-0.2909;0.3534;0.467
0.325000;-0.1633;-0.3440;0.1277;0.402
0.333000;-0.2439;-0.3088;-0.0242;0.394
0.344000;-0.2209;-0.1713;-0.1171;0.303
0.354000;-0.0733;-0.1248;-0.1969;0.244
0.364000;0.0530;-0.1232;-0.3027;0.331
0.375000;0.0797;-0.1722;-0.4606;0.498
0.384000;0.0105;-0.2196;-0.5390;0.582
0.394000;-0.0679;-0.2170;-0.6320;0.672
0.404000;-0.0725;-0.1811;-0.7091;0.735
0.414000;-0.0586;-0.1272;-0.8254;0.837
0.424000;-0.0579;-0.1719;-0.8213;0.841
0.434000;-0.0720;-0.1760;-0.7839;0.807
0.444000;-0.0800;-0.1241;-0.5576;0.577
0.454000;-0.0459;-0.0454;-0.1739;0.186
0.464000;0.0622;0.1410;0.2465;0.291
0.475000;0.1379;0.2708;0.7026;0.765
0.484000;-0.0437;0.0786;0.8862;0.891
0.494000;-0.1977;-0.0257;0.6415;0.672
0.503000;-0.3199;-0.1087;0.3406;0.480
0.514000;-0.3930;-0.1284;0.0689;0.419
0.524000;-0.4082;-0.0463;0.0917;0.421
0.535000;-0.3557;0.0986;0.3245;0.491
0.553000;-0.2862;0.2227;0.6018;0.703
0.554000;-0.1188;0.3999;0.8125;0.913
0.564000;0.0030;0.5469;0.9547;1.100
0.576000;-0.0131;0.5878;0.9427;1.111
0.584000;-0.0998;0.5767;0.7740;0.970
0.594000;-0.1586;0.6159;0.5181;0.820
0.604000;-0.1270;0.7143;0.2356;0.763
0.615000;-0.1231;0.8314;0.0478;0.842
0.624000;-0.1117;0.8625;-0.5780;1.044
0.634000;-0.2311;0.8700;0.2570;0.936
0.653000;-0.3164;0.9553;0.7155;1.235
0.654000;-0.1964;0.9098;0.4803;1.047
0.665000;-0.0341;0.8523;1.0724;1.370
0.677000;0.0891;0.9088;1.2540;1.551
0.684000;0.0729;0.9485;1.6430;1.899
0.694000;-0.0665;0.8921;1.6795;1.903
0.704000;-0.2813;0.7472;1.5966;1.785
0.714000;-0.2770;0.5972;1.3676;1.518
0.726000;-0.1595;0.4450;1.1093;1.206
0.735000;-0.0816;0.4482;1.0949;1.186
0.744000;0.2765;0.6298;1.0115;1.223
0.754000;0.4807;0.7839;0.6440;1.123
0.772000;0.4955;0.8467;0.2067;1.003
0.780000;0.4831;0.8895;-0.0954;1.017
0.784000;0.3954;0.8003;-0.3882;0.973
0.795000;0.1636;0.5229;-0.6768;0.871
0.804000;-0.1019;0.1605;-0.8467;0.868
0.814000;-0.4533;-0.6395;-0.6402;1.012
0.824000;-0.4888;-0.7336;-0.2958;0.930
0.834000;-0.3884;-0.7119;0.1254;0.821
0.859000;-0.3750;-0.6591;0.6303;0.986
0.862000;-0.3611;-0.4925;1.0368;1.203
0.865000;-0.3511;-0.2349;1.1782;1.252
0.884000;-0.4310;0.0031;1.2558;1.328
0.887000;-0.3420;0.2382;1.2106;1.280
0.896000;-0.2479;0.3806;1.1140;1.203
0.904000;-0.0215;0.5247;1.0244;1.151
0.915000;0.1759;0.5450;1.0615;1.206
0.925000;0.3332;0.5479;1.2781;1.430
0.934000;0.4958;0.4503;1.3931;1.546
0.948000;0.5923;0.2124;1.3483;1.488
0.955000;-0.0690;-0.4260;0.9502;1.044
0.968000;-0.5437;-0.9156;0.6388;1.242
0.974000;-0.8039;-1.1766;0.7969;1.633
0.984000;-0.8607;-1.4279;0.6997;1.808
0.994000;-0.6908;-1.5261;0.2947;1.701
1.004000;0.2507;-1.2729;-1.1186;1.713
1.014000;1.8484;-0.6265;-4.1259;4.564
1.024000;1.9935;0.3474;-5.0494;5.440
1.034000;0.2669;0.7616;-2.0542;2.207
1.046000;-1.5017;0.6820;0.0496;1.650
1.054000;-2.4289;0.2427;0.2687;2.456
1.064000;-2.2136;-0.3706;-0.3328;2.269
1.074000;-1.4741;-0.8648;-0.6461;1.827
1.084000;-1.0200;-1.0646;-0.3783;1.522
1.094000;-0.9644;-1.1077;0.1335;1.475
1.104000;-1.0126;-1.0999;0.3817;1.543
1.114000;-0.9992;-1.0472;0.3088;1.480
1.124000;-0.9726;-0.9580;0.1241;1.371
1.134000;-0.8162;-0.8471;-0.0799;1.179
1.145000;-0.2163;-0.5447;-0.5598;0.810
1.154000;0.1300;-0.3570;-0.3358;0.507
1.164000;0.4130;-0.1628;0.0234;0.445
1.174000;0.6003;-0.0758;0.0493;0.607
1.184000;0.6760;-0.0548;-0.0274;0.679
1.194000;0.6304;-0.0869;-0.2533;0.685
1.204000;0.4270;-0.1339;-0.4523;0.636
1.214000;0.1564;-0.1921;-0.4506;0.514
1.225000;-0.0387;-0.2594;-0.4147;0.491
1.234000;-0.2109;-0.3414;-0.3111;0.508
1.248000;-0.2998;-0.4664;-0.2889;0.625
1.255000;-0.3076;-0.5730;-0.3343;0.731
1.267000;-0.3524;-0.5749;-0.3481;0.759
1.282000;-0.3909;-0.5305;-0.1925;0.686
1.284000;-0.3569;-0.4990;0.0549;0.616
1.296000;-0.1664;-0.4101;0.1686;0.474
1.304000;0.1513;-0.2500;0.1298;0.320
1.315000;0.3959;-0.1252;-0.0042;0.415
1.324000;0.4572;-0.0670;-0.1405;0.483
1.334000;0.5195;-0.0045;-0.2770;0.589
1.346000;0.4934;0.0265;-0.3593;0.611
1.354000;0.4311;0.0417;-0.3314;0.545
1.364000;0.4722;0.0410;-0.3067;0.565
1.374000;0.5709;0.0736;-0.2435;0.625
1.384000;0.6264;0.1344;-0.0336;0.642
1.394000;0.6455;0.1797;0.2968;0.733
1.403000;0.8307;0.2871;0.6232;1.077
1.415000;1.0654;0.4765;0.8065;1.419
1.424000;1.1811;0.5893;0.7470;1.517
1.435000;1.2313;0.6775;0.5339;1.503
1.449000;1.1888;0.6667;0.1805;1.375
1.456000;1.0132;0.6013;-0.1595;1.189
1.468000;0.7074;0.5812;-0.1977;0.937
1.474000;0.1680;0.5422;0.0979;0.576
1.484000;-0.0937;0.4851;0.0632;0.498
1.494000;-0.3656;0.3772;0.0696;0.530
1.503000;-0.6119;0.1873;0.2869;0.701
1.514000;-0.7099;-0.0344;0.5555;0.902
1.524000;-0.7533;-0.2900;0.7405;1.095
1.534000;-0.8001;-0.5002;0.7829;1.226
1.550000;-0.8200;-0.5862;0.7401;1.250
1.555000;-0.7941;-0.5677;0.6182;1.155
1.573000;-0.7208;-0.5051;0.3500;0.947
1.577000;-0.6545;-0.3995;0.0878;0.772
1.584000;-0.5691;-0.2828;-0.1555;0.654
1.594000;-0.4146;-0.1643;-0.3446;0.564
1.604000;-0.2694;-0.0647;-0.3572;0.452
1.614000;-0.1880;-0.0074;-0.2419;0.306
1.624000;-0.0666;0.0863;-0.0896;0.141
1.634000;0.0348;0.1359;0.0309;0.144
1.650000;0.0765;0.1090;0.1376;0.191
1.672000;0.1174;0.0564;0.2546;0.286
1.674000;0.2110;0.0928;0.3800;0.444
1.676000;0.2865;0.1203;0.4554;0.551
1.688000;0.3065;0.1330;0.5133;0.612
1.702000;0.4194;0.1681;0.5227;0.691
1.706000;0.4789;0.1970;0.4430;0.681
1.714000;0.3982;0.1992;0.3013;0.538
1.724000;0.2629;0.1396;0.1407;0.329
1.734000;0.2622;0.0807;-0.0632;0.282
1.751000;0.2134;0.0507;-0.1465;0.264
1.755000;0.1219;0.0269;-0.1466;0.193
1.772000;-0.0195;-0.0335;-0.1600;0.165
1.774000;-0.1063;-0.1094;-0.2669;0.307
1.784000;-0.0880;-0.1507;-0.4315;0.465
1.797000;-0.1161;-0.1909;-0.3754;0.437
1.805000;-0.1605;-0.2640;-0.1334;0.337
1.815000;-0.1614;-0.2882;-0.0584;0.335
1.824000;-0.2400;-0.3275;0.0735;0.413
1.834000;-0.3016;-0.3561;0.2024;0.509
1.850000;-0.2438;-0.3669;0.2210;0.493
1.854000;-0.1159;-0.3025;0.1655;0.364
1.870000;0.0050;-0.1672;0.1353;0.215
1.875000;0.1035;-0.0221;0.1796;0.208
1.884000;0.1750;0.0892;0.2741;0.337
1.894000;0.1585;0.1424;0.3389;0.400
1.904000;0.1086;0.1445;0.3900;0.430
1.914000;0.0946;0.1114;0.3974;0.423
1.925000;0.0547;0.0592;0.4161;0.424
1.934000;0.0896;0.0332;0.4736;0.483
1.948000;0.1678;0.0777;0.5832;0.612
1.954000;0.2629;0.1273;0.6190;0.684
1.965000;0.3485;0.1787;0.5955;0.713
1.974000;0.4228;0.2090;0.4980;0.686
1.984000;0.3833;0.2208;0.3442;0.560
1.996000;0.3493;0.2211;0.1973;0.458
2.004000;0.3478;0.2351;0.0979;0.431
2.014000;0.3390;0.2597;0.0588;0.431
2.024000;0.3071;0.2493;0.0756;0.403
2.034000;0.2157;0.2340;0.1375;0.347
2.052000;0.1605;0.1777;0.1505;0.283
2.055000;0.1080;0.0799;0.1352;0.191
2.077000;0.0391;-0.0062;0.1013;0.109
2.079000;-0.0325;-0.0747;0.0103;0.082
2.085000;-0.0643;-0.1195;-0.1295;0.188
2.096000;-0.0965;-0.1481;-0.2250;0.286
2.104000;-0.1480;-0.1418;-0.2345;0.311
2.115000;-0.1709;-0.1445;-0.1978;0.299
2.125000;-0.2269;-0.1371;-0.1146;0.289
2.135000;-0.2683;-0.1547;0.0075;0.310
2.152000;-0.2299;-0.2085;0.1830;0.360
2.156000;-0.1947;-0.2792;0.3148;0.464
2.177000;-0.1645;-0.3265;0.4151;0.553
2.180000;-0.1013;-0.2916;0.4496;0.545
2.185000;-0.0800;-0.2373;0.4259;0.494
2.197000;-0.1311;-0.1843;0.3271;0.398
2.205000;-0.1529;-0.1391;0.1837;0.277
2.215000;-0.1164;-0.1004;0.1139;0.191
2.225000;-0.0258;-0.0956;0.0875;0.132
2.234000;0.0969;-0.0992;0.0002;0.139
2.250000;0.2484;-0.0753;-0.1134;0.283
2.256000;0.4011;-0.0496;-0.1876;0.446
2.267000;0.5352;-0.0050;-0.2273;0.581
2.274000;0.6234;0.0167;-0.2614;0.676
2.284000;0.6471;-0.0013;-0.2767;0.704
2.294000;0.6325;0.0308;-0.2636;0.686
2.304000;0.6487;0.0639;-0.3094;0.722
2.314000;0.7142;0.1235;-0.2697;0.773
2.323000;0.7021;0.2061;-0.2261;0.766
2.334000;0.5714;0.2650;-0.1536;0.648
2.349000;0.4621;0.3132;0.0460;0.560
2.354000;0.4435;0.3453;0.3909;0.685
2.365000;0.4192;0.3607;0.6688;0.868
2.374000;0.3405;0.3853;0.7112;0.878
2.383000;0.2769;0.4783;0.5642;0.790
2.395000;0.3307;0.6637;0.2880;0.796
2.403000;0.2232;0.7265;0.1759;0.780
2.415000;0.1994;0.6372;-0.0783;0.672
2.424000;0.2411;0.6058;-0.2501;0.698
2.434000;0.1033;0.5697;-0.3122;0.658
2.449000;-0.0375;0.5864;-0.2156;0.626
2.454000;-0.2165;0.5829;0.0007;0.622
2.466000;-0.3225;0.4887;0.3824;0.699
2.474000;-0.5120;0.1579;0.6337;0.830
2.484000;-0.6225;0.0433;0.8986;1.094
2.495000;-0.7658;-0.0479;1.0219;1.278
2.504000;-0.8342;-0.1560;0.9932;1.306
2.514000;-0.8644;-0.2478;0.8976;1.271
2.523000;-0.8236;-0.3241;0.8308;1.214
2.534000;-0.7859;-0.3792;0.7757;1.167
2.544000;-0.7641;-0.3942;0.6698;1.090
2.554000;-0.7392;-0.3369;0.4795;0.943
2.569000;-0.6890;-0.2463;0.4046;0.836
2.574000;-0.5489;-0.0853;0.4124;0.692
2.584000;-0.3326;0.0650;0.4407;0.556
2.595000;-0.1566;0.1958;0.4107;0.481
2.604000;-0.0616;0.2757;0.3357;0.439
2.614000;-0.0281;0.3386;0.2970;0.451
2.624000;0.0055;0.3396;0.3280;0.472
2.634000;0.0080;0.3106;0.4047;0.510
2.650000;-0.0274;0.2402;0.5344;0.587
2.655000;-0.0179;0.1473;0.6022;0.620
2.672000;-0.0416;0.0226;0.5710;0.573
2.674000;-0.0566;-0.0786;0.4803;0.490
2.684000;-0.1147;-0.1149;0.3800;0.413
2.696000;-0.1347;-0.1010;0.2416;0.295
2.704000;-0.1413;-0.0917;0.1139;0.203
2.714000;-0.1273;-0.0556;0.0529;0.149
2.724000;-0.1388;-0.0338;0.0254;0.145
2.734000;-0.1119;-0.0351;0.0253;0.120
2.749000;-0.0957;-0.0453;0.0182;0.107
2.754000;-0.0700;-0.0348;-0.0307;0.084
2.767000;-0.0705;-0.0185;-0.1573;0.173
2.774000;-0.1069;-0.0259;-0.3268;0.345
2.784000;-0.1475;-0.0524;-0.5206;0.544
2.796000;-0.1573;-0.0828;-0.6478;0.672
2.804000;-0.2315;-0.1150;-0.6227;0.674
2.814000;-0.2603;-0.1313;-0.5792;0.648
2.824000;-0.2298;-0.1232;-0.4632;0.532
2.835000;-0.1946;-0.1391;-0.3358;0.412
2.849000;-0.2121;-0.1570;-0.2589;0.370
2.854000;-0.2245;-0.1855;-0.2766;0.402
2.867000;-0.2006;-0.2023;-0.2860;0.404
2.876000;-0.1116;-0.1774;-0.1878;0.281
2.885000;0.0049;-0.1021;-0.1213;0.159
2.897000;0.0625;-0.0263;-0.1315;0.148
2.904000;0.0395;0.0507;-0.1862;0.197
2.915000;-0.0248;0.0971;-0.1757;0.202
2.925000;-0.0672;0.0932;-0.0892;0.145
2.935000;-0.0115;0.0878;0.1321;0.159
2.951000;0.0402;0.0742;0.3546;0.364
2.955000;0.0755;0.0626;0.4632;0.473
2.970000;0.0857;0.1048;0.4921;0.510
2.975000;0.0511;0.1587;0.4091;0.442
2.984000;0.0300;0.2105;0.2617;0.337
2.994000;-0.0171;0.2301;0.2137;0.314
3.003000;-0.0752;0.2263;0.3079;0.389
3.014000;-0.0909;0.2188;0.3711;0.440
3.023000;-0.0769;0.2556;0.3090;0.408
3.034000;-0.0325;0.2959;0.1623;0.339
3.052000;-0.0256;0.3448;0.0373;0.348
3.055000;-0.0544;0.3790;-0.0397;0.385
3.080000;-0.0777;0.4413;-0.0508;0.451
3.082000;-0.0949;0.4736;0.0457;0.485
3.085000;-0.0960;0.4695;0.1410;0.500
3.098000;-0.0479;0.4366;0.3775;0.579
3.105000;-0.0651;0.3926;0.6596;0.770
3.116000;-0.1416;0.3409;0.8209;0.900
3.125000;-0.1779;0.2894;0.8642;0.929
3.135000;-0.1885;0.2647;0.7679;0.834
3.152000;-0.1512;0.2960;0.7870;0.854
3.155000;-0.0985;0.3355;0.7802;0.855
3.173000;-0.0556;0.3880;0.6362;0.747
3.174000;-0.0097;0.4108;0.4139;0.583
3.184000;-0.0098;0.3877;0.3105;0.497
3.196000;-0.0713;0.3664;0.3438;0.508
3.204000;-0.1176;0.2997;0.3447;0.472
3.214000;-0.1411;0.2471;0.2943;0.409
3.224000;-0.1176;0.2171;0.3073;0.394
3.234000;-0.0539;0.2188;0.2792;0.359
3.251000;-0.0335;0.2050;0.1889;0.281
3.254000;-0.0522;0.1794;0.0508;0.194
3.266000;-0.0716;0.1392;-0.0767;0.174
3.274000;-0.1046;0.0813;-0.1256;0.183
3.284000;-0.1812;-0.0090;-0.0616;0.192
3.296000;-0.2758;-0.1122;0.0739;0.307
3.304000;-0.3623;-0.2177;0.2115;0.473
3.314000;-0.4644;-0.3228;0.2532;0.620
3.325000;-0.5305;-0.4253;0.1871;0.705
3.335000;-0.5934;-0.4915;0.0911;0.776
3.353000;-0.6094;-0.4634;-0.0743;0.769
3.355000;-0.5501;-0.3872;-0.3529;0.760
3.375000;-0.4369;-0.2606;-0.6635;0.836
3.377000;-0.2388;-0.1360;-0.9360;0.976
3.388000;-0.0549;0.0208;-1.0665;1.068
3.394000;0.0968;0.1684;-1.0416;1.060
3.404000;0.1569;0.2603;-0.8383;0.892
3.414000;0.1184;0.2667;-0.4798;0.562
3.424000;0.0368;0.1626;-0.0315;0.170
3.435000;-0.0406;0.0019;0.3493;0.352
3.450000;-0.1255;-0.1723;0.5900;0.627
3.455000;-0.1650;-0.2770;0.7090;0.779
3.474000;-0.0724;-0.3305;0.3096;0.459
3.476000;0.0142;-0.2240;-0.1120;0.251
3.487000;0.1030;-0.0760;-0.4481;0.466
3.494000;0.2429;0.0434;-0.5914;0.641
3.507000;0.3492;0.0988;-0.5267;0.640
3.514000;0.4082;0.0573;-0.4132;0.584
3.523000;0.3614;-0.0877;-0.3759;0.529
3.534000;0.2543;-0.2707;-0.4586;0.590
3.544000;0.0880;-0.4059;-0.6911;0.806
3.554000;0.0300;-0.4588;-1.0742;1.169
3.572000;0.0682;-0.3730;-1.4740;1.522
3.576000;0.2052;-0.1720;-1.7194;1.740
3.584000;0.3719;0.0624;-1.7959;1.835
3.594000;0.5458;0.2990;-1.7340;1.842
3.604000;0.6548;0.4940;-1.5797;1.780
3.614000;0.7506;0.6661;-1.3001;1.642
3.625000;0.7943;0.7574;-0.9073;1.424
3.635000;0.7958;0.7857;-0.4771;1.216
3.645000;0.8174;0.7985;-0.2214;1.164
3.655000;0.8438;0.8161;-0.2981;1.211
3.678000;0.7978;0.8480;-0.4802;1.259
3.680000;0.7833;0.9878;-0.6527;1.420
3.684000;0.7678;1.1538;-0.6628;1.536
3.694000;0.8089;1.3613;-0.5340;1.671
3.704000;0.7826;1.5271;-0.2478;1.734
3.714000;0.6908;1.5840;0.1821;1.738
3.724000;0.5845;1.5016;0.6819;1.750
3.735000;0.4593;1.3139;1.1765;1.822
3.744000;0.3371;1.0935;1.5374;1.916
3.754000;0.2093;0.9132;1.7917;2.022
3.767000;0.1035;0.8357;1.9127;2.090
3.774000;-0.0199;0.8428;2.0062;2.176
3.784000;-0.1249;0.8891;2.1543;2.334
3.794000;-0.1853;0.9158;2.3001;2.483
3.805000;-0.1841;0.8159;2.2097;2.363
3.815000;-0.1265;0.7894;1.9864;2.141
3.824000;-0.0722;0.8052;1.5647;1.761
3.835000;-0.0614;0.8395;0.9319;1.256
3.845000;-0.0715;0.8934;0.2889;0.942
3.855000;-0.0755;0.9154;-0.2370;0.949
3.884000;-0.0800;0.9228;-0.6476;1.130
3.886000;-0.0303;0.8966;-0.9051;1.274
3.887000;0.0742;0.8349;-1.1294;1.406
3.894000;0.1918;0.7819;-1.2948;1.525
3.904000;0.2277;0.7281;-1.4105;1.604
3.916000;0.2016;0.6872;-1.4778;1.642
3.924000;0.2241;0.7208;-1.5569;1.730
3.934000;0.2299;0.7268;-1.7514;1.910
3.944000;0.2102;0.6958;-2.0223;2.149
3.954000;0.1899;0.6705;-2.2864;2.390
3.978000;0.1321;0.6449;-2.4726;2.559
3.981000;0.0286;0.6242;-2.5421;2.618
3.984000;-0.1039;0.5356;-2.4474;2.507
3.994000;-0.2689;0.3891;-2.2200;2.270
4.004000;-0.3977;0.2108;-1.9232;1.975
4.015000;-0.5372;0.0572;-1.6298;1.717
4.024000;-0.6030;-0.0612;-1.3581;1.487
4.034000;-0.5644;-0.1015;-1.2071;1.336
4.044000;-0.4520;-0.0627;-1.1631;1.249
4.054000;-0.2899;0.0644;-1.2175;1.253
4.077000;-0.1291;0.2391;-1.2757;1.304
4.080000;0.0125;0.4375;-1.2590;1.333
4.084000;0.1192;0.6120;-1.2149;1.366
4.094000;0.2308;0.7344;-1.2079;1.432
4.104000;0.3464;0.8251;-1.1514;1.458
4.115000;0.4441;0.8842;-1.0445;1.439
4.124000;0.5146;0.9084;-0.9464;1.409
4.134000;0.5820;1.0073;-0.8484;1.440
4.144000;0.5651;1.0504;-0.8233;1.449
4.155000;0.5205;1.0793;-0.7720;1.425
4.180000;0.5451;1.1084;-0.7749;1.458
4.183000;0.5683;1.1403;-0.9172;1.570
4.184000;0.6298;1.1935;-1.0621;1.717
4.194000;0.6734;1.2932;-1.2914;1.948
4.204000;0.7649;1.4384;-1.5261;2.232
4.214000;0.8095;1.6301;-1.6670;2.468
4.224000;0.7462;1.8243;-1.6785;2.589
4.234000;0.4972;1.8791;-1.5508;2.487
4.244000;0.0433;1.7842;-1.0721;2.082
4.255000;-0.3365;1.6012;-0.4026;1.685
4.287000;-0.5809;1.3303;0.3481;1.493
4.290000;-0.7021;1.1107;1.2284;1.799
4.291000;-0.8057;0.9977;1.9633;2.345
4.295000;-0.9065;0.9806;2.5705;2.897
4.304000;-0.9778;0.9527;3.1882;3.468
4.315000;-1.2466;0.9187;4.0542;4.340
4.324000;-1.5054;0.9070;5.1032;5.397
4.334000;-1.7027;0.8701;6.0188;6.315
4.344000;-1.6805;0.6183;6.4426;6.687
4.356000;-1.4843;0.2421;6.2623;6.440
4.381000;-1.4254;-0.1121;5.3914;5.578
4.383000;-1.5847;-0.3007;4.1835;4.484
4.385000;-1.8851;-0.2971;3.2806;3.795
4.394000;-2.1070;-0.2088;2.9245;3.611
4.404000;-2.1711;-0.2118;3.1616;3.841
4.415000;-2.1011;-0.3605;3.8409;4.393
4.424000;-1.9113;-0.5676;4.3353;4.772
4.434000;-1.6906;-0.8208;4.4284;4.811
4.444000;-1.4607;-0.9938;4.0632;4.431
4.454000;-1.2797;-0.9962;3.3039;3.680
4.471000;-0.7055;-0.2176;1.3013;1.496
4.474000;-0.2257;0.3142;0.2842;0.480
4.484000;0.3372;0.8344;-0.7203;1.153
4.494000;0.7481;1.3302;-1.1699;1.923
4.504000;0.9186;1.6681;-0.9834;2.143
4.515000;0.7667;1.7170;-0.4984;1.945
4.523000;0.4322;1.3750;-0.0458;1.442
4.534000;0.0551;0.7440;0.0914;0.752
4.543000;-0.3157;0.0623;-0.1136;0.341
4.554000;-0.5750;-0.4829;-0.6077;0.966
4.571000;-0.7232;-0.8897;-1.2837;1.721
4.574000;-0.7363;-1.1202;-1.9714;2.384
4.584000;-0.6432;-1.1434;-2.4685;2.795
4.593000;-0.4780;-0.9933;-2.6532;2.873
4.604000;-0.4060;-0.7170;-2.5575;2.687
4.615000;-0.4397;-0.4315;-2.3535;2.433
4.624000;-0.4866;-0.2088;-2.0953;2.161
4.635000;-0.4503;-0.1125;-2.0753;2.127
4.645000;-0.3540;-0.0647;-2.3080;2.336
4.658000;-0.3390;-0.0605;-2.5289;2.552
4.670000;-0.5050;-0.0482;-2.6805;2.728
4.674000;-0.6611;0.0027;-2.7521;2.830
4.686000;-0.8286;0.0151;-2.6594;2.786
4.694000;-0.9641;-0.0582;-2.4022;2.589
4.703000;-1.1385;-0.2508;-1.8974;2.227
4.715000;-1.2669;-0.5307;-1.1828;1.813
4.723000;-1.3124;-0.8196;-0.4823;1.621
4.734000;-1.2950;-1.0277;0.0852;1.655
4.744000;-1.2854;-1.1915;0.5556;1.839
4.755000;-1.1794;-1.2990;0.9017;1.973
4.777000;-1.0244;-1.3508;1.0962;2.019
4.780000;-0.8055;-1.2923;1.1374;1.901
4.787000;-0.5758;-1.1587;1.0399;1.660
4.794000;-0.2187;-0.9042;0.7995;1.227
4.804000;-0.1097;-0.9115;0.6702;1.137
4.816000;-0.0471;-0.9287;0.6392;1.128
4.824000;0.0385;-0.9866;0.5663;1.138
4.834000;0.0545;-1.0566;0.5589;1.197
4.844000;0.0599;-1.1038;0.8501;1.394
4.854000;-0.0517;-1.1084;1.4404;1.818
4.875000;-0.2046;-1.0632;2.2549;2.501
4.876000;-0.1984;-0.9654;2.9255;3.087
4.884000;-0.1667;-0.9709;3.3154;3.459
4.894000;-0.0548;-1.1112;3.6493;3.815
4.904000;0.3423;-1.1960;4.1298;4.313
4.914000;0.9374;-1.1389;4.4522;4.690
4.924000;1.5646;-0.9510;4.2764;4.652
4.934000;2.2170;-0.6649;3.4240;4.133
4.945000;2.7044;-0.3227;2.1750;3.485
4.956000;2.8829;-0.0444;0.8719;3.012
4.983000;2.7404;0.2319;-0.1780;2.756
4.986000;2.4058;0.4094;-0.7087;2.541
4.987000;2.0185;0.2882;-0.8534;2.210
4.994000;1.7501;-0.2067;-0.5885;1.858
5.004000;1.5824;-0.8827;-0.1951;1.822
5.017000;1.3941;-1.4435;0.2324;2.020
5.024000;1.1546;-1.8574;0.5829;2.263
5.034000;0.9318;-2.0875;0.7642;2.410
5.045000;0.7213;-2.1424;0.8298;2.408
5.055000;0.5677;-2.0823;0.5885;2.237
5.082000;0.5036;-1.8759;0.1481;1.948
5.084000;0.5321;-1.4865;-0.3672;1.621
5.085000;0.4950;-1.0744;-0.8157;1.437
5.094000;0.3107;-0.7653;-1.1883;1.447
5.104000;-0.0809;-0.6201;-1.3646;1.501
5.114000;-0.6929;-0.6848;-1.3580;1.671
5.124000;-1.3374;-0.8503;-1.3947;2.111
5.134000;-1.8267;-1.0296;-1.3993;2.521
5.144000;-1.4619;-0.7651;-1.3794;2.151
5.155000;-0.8415;-0.2980;-1.3006;1.578
5.176000;-0.1724;0.2243;-1.3631;1.392
5.178000;0.4428;0.8573;-1.5428;1.820
5.184000;0.8711;1.4714;-1.6351;2.366
5.194000;1.0729;1.9945;-1.6920;2.827
5.204000;1.0960;2.3688;-1.7599;3.148
5.214000;0.9628;2.4962;-1.8869;3.274
5.223000;0.6997;2.3045;-1.9869;3.122
5.234000;0.4526;1.8124;-1.9599;2.708
5.244000;0.2802;1.1736;-1.8531;2.211
5.255000;0.0872;0.5712;-1.5841;1.686
5.266000;-0.1381;0.1343;-1.1513;1.167
5.286000;-0.3438;-0.1440;-0.7628;0.849
5.288000;-0.6232;-0.3171;-0.5260;0.875
5.294000;-0.8880;-0.3502;-0.4951;1.075
5.304000;-1.0585;-0.2596;-0.6151;1.252
5.314000;-1.1036;-0.1002;-0.8377;1.389
5.324000;-1.0117;0.1099;-1.1495;1.535
5.337000;-0.8430;0.3829;-1.3764;1.659
5.344000;-0.7048;0.6648;-1.4605;1.753
5.354000;-0.5521;0.9428;-1.3212;1.714
5.364000;-0.5683;1.1315;-0.9134;1.561
5.374000;-0.5699;1.2743;-0.3876;1.449
5.401000;-0.5463;1.3634;0.2679;1.493
5.403000;-0.4961;1.3382;1.0942;1.798
5.405000;-0.2743;1.1668;1.8254;2.184
5.416000;-0.1221;0.8241;2.2844;2.432
5.424000;-0.0349;0.3702;2.6292;2.655
5.434000;0.0292;-0.0378;2.8091;2.810
5.444000;-0.0259;-0.4263;2.7256;2.759
5.455000;-0.2198;-0.8627;2.4671;2.623
5.466000;-0.3884;-0.9723;2.6406;2.841
5.488000;-0.4887;-1.0242;2.5765;2.815
5.490000;-0.4010;-1.0004;2.0525;2.318
5.494000;-0.1595;-0.9062;1.3553;1.638
5.506000;0.1492;-0.7570;1.3902;1.590
5.516000;0.4718;-0.6418;2.6007;2.720
5.524000;0.6739;-0.7325;4.1166;4.235
5.534000;0.4913;-1.1175;5.2401;5.380
5.543000;0.0732;-1.6880;5.7068;5.952
5.557000;-0.4569;-2.3164;5.5330;6.016
5.594000;-1.0126;-2.8263;4.8768;5.727
5.596000;-1.4035;-3.1282;3.9703;5.246
5.600000;-1.5796;-2.9898;2.8045;4.393
5.603000;-1.4910;-2.5641;1.7178;3.428
5.606000;-1.1487;-1.9553;0.9184;2.447
5.615000;-0.7125;-1.3074;0.2880;1.517
5.624000;-0.3277;-0.7476;-0.1798;0.836
5.634000;-0.0569;-0.3683;-0.4902;0.616
5.644000;0.0488;-0.1702;-0.7800;0.800
5.654000;0.0440;-0.1842;-1.0725;1.089
5.677000;-0.0276;-0.4019;-1.3291;1.389
5.679000;-0.1500;-0.7381;-1.5723;1.743
5.685000;-0.3093;-1.0018;-1.8239;2.104
5.694000;-0.4937;-1.1527;-2.2195;2.549
5.704000;-0.6596;-1.1629;-2.7034;3.016
5.714000;-0.7124;-1.0324;-3.1483;3.389
5.724000;-0.6764;-0.7610;-3.3543;3.505
5.734000;-0.6022;-0.5195;-3.3217;3.416
5.744000;-0.4859;-0.2984;-3.0442;3.097
5.755000;-0.4023;-0.0585;-2.5776;2.609
5.765000;-0.3664;0.1356;-1.9885;2.027
5.777000;-0.3831;0.2736;-1.4570;1.531
5.787000;-0.4453;0.3644;-0.8926;1.062
5.793000;-0.6645;0.2649;-0.7480;1.035
5.804000;-0.6916;0.1205;-0.6104;0.930
5.814000;-0.6946;0.0009;-0.5610;0.893
5.824000;-0.6111;-0.0552;-0.5643;0.834
5.834000;-0.5249;0.0091;-0.5229;0.741
5.844000;-0.4715;0.1689;-0.5333;0.732
5.854000;-0.4424;0.3810;-0.5656;0.813
5.864000;-0.3721;0.6163;-0.5319;0.895
5.874000;-0.2774;0.8133;-0.3629;0.933
5.884000;-0.1903;0.9665;-0.0778;0.988
5.894000;-0.0919;1.0814;0.3161;1.130
5.904000;0.0061;1.1717;0.6939;1.362
5.914000;0.0742;1.1706;0.9972;1.540
5.925000;0.1402;1.0966;1.2079;1.637
5.935000;0.1627;0.9363;1.0971;1.451
5.944000;0.1089;0.7293;0.6949;1.013
5.958000;0.0279;0.5534;0.1284;0.569
5.964000;-0.0482;0.4670;-0.3495;0.585
5.992000;-0.0295;0.4213;-0.6517;0.777
5.994000;0.0820;0.4144;-0.8729;0.970
5.996000;0.2838;0.4251;-1.0572;1.174
6.004000;0.4996;0.4354;-1.2216;1.390
6.014000;0.6836;0.4087;-1.2365;1.471
6.024000;0.8457;0.3111;-0.9837;1.334
6.034000;1.0323;0.1387;-0.5929;1.198
6.044000;1.1844;-0.0727;-0.2536;1.213
6.056000;1.2528;-0.2876;0.1059;1.290
6.067000;1.3589;-0.4386;0.4857;1.508
6.088000;1.3835;-0.5559;0.7411;1.665
6.090000;1.1672;-0.6994;0.7601;1.559
6.094000;0.8235;-0.9012;0.6108;1.365
6.104000;0.4608;-1.1684;0.7509;1.463
6.114000;0.2461;-1.3733;1.1670;1.819
6.123000;0.7291;-1.7464;1.7147;2.554
6.134000;1.3194;-1.8664;2.2315;3.194
6.144000;1.5004;-1.6056;3.4946;4.128
6.155000;1.2829;-1.0684;5.0365;5.306
6.164000;1.1054;-0.5405;6.1910;6.312
6.178000;1.1212;-0.4490;6.7901;6.897
6.187000;1.2284;-0.7800;7.0979;7.246
6.194000;1.1982;-1.2970;7.2079;7.421
6.204000;0.8988;-1.8189;6.9999;7.288
6.214000;0.4848;-2.1505;6.4398;6.807
6.224000;0.2680;-2.1601;5.5973;6.006
6.237000;0.1804;-1.8044;4.3578;4.720
6.244000;-0.0482;-1.3474;2.7960;3.104
6.258000;-0.2808;-0.9547;1.4252;1.738
6.264000;-0.2987;-0.6951;0.3715;0.843
6.287000;-0.2179;-0.5346;-0.6502;0.870
6.289000;-0.2598;-0.4072;-1.6537;1.723
6.294000;-0.3970;-0.3852;-2.5560;2.615
6.304000;-0.5258;-0.3897;-3.2247;3.290
6.314000;-0.5352;-0.4346;-3.6083;3.674
6.324000;-0.3402;-0.3855;-3.7157;3.751
6.336000;0.0376;-0.2227;-3.5232;3.530
6.345000;0.5275;0.0463;-3.1457;3.190
6.355000;1.0233;0.3409;-2.7582;2.962
6.364000;1.4437;0.6482;-2.5039;2.962
6.375000;1.8040;0.9750;-2.4330;3.182
6.409000;2.0288;1.2537;-2.5499;3.491
6.412000;2.2106;1.4799;-2.7776;3.846
6.414000;2.2668;1.6306;-3.0204;4.113
6.416000;2.1489;1.6779;-3.2383;4.233
6.424000;1.8507;1.5570;-3.4667;4.227
6.435000;1.3706;1.2938;-3.5930;4.057
6.444000;0.8655;0.9468;-3.5404;3.766
6.456000;0.1169;0.1117;-2.9423;2.947
6.464000;-0.0495;-0.1911;-2.5017;2.510
6.486000;-0.1066;-0.3303;-2.0004;2.030
6.488000;-0.0231;-0.2915;-1.5123;1.540
6.494000;0.1587;-0.1194;-1.0452;1.064
6.504000;0.2657;0.0708;-0.8000;0.846
6.514000;0.2762;0.2654;-0.7261;0.821
6.524000;0.2349;0.4416;-0.7080;0.867
6.534000;0.2104;0.5623;-0.6578;0.891
6.544000;0.1162;0.5910;-0.5596;0.822
6.555000;-0.0564;0.5038;-0.4439;0.674
6.565000;-0.1768;0.4076;-0.4567;0.637
6.576000;-0.2552;0.3561;-0.5500;0.703
6.610000;-0.3770;0.4312;-0.6535;0.869
6.611000;-0.4982;0.5894;-0.7077;1.047
6.612000;-0.4804;0.7340;-0.8088;1.193
6.615000;-0.3803;0.9272;-0.8755;1.331
6.624000;-0.3585;1.0995;-0.7541;1.381
6.635000;-0.3413;1.2828;-0.4981;1.418
6.644000;-0.2927;1.4535;-0.2323;1.501
6.655000;-0.3364;1.6245;0.1207;1.663
6.664000;-0.4828;1.7052;0.6144;1.876
6.674000;-0.7271;1.5857;1.2288;2.134
6.708000;-0.9572;1.3108;1.9855;2.564
6.711000;-1.1879;0.9047;2.8524;3.220
6.712000;-1.3760;0.4638;3.7502;4.022
6.714000;-1.3764;0.0047;4.3704;4.582
6.724000;-1.2715;-0.4374;4.4635;4.662
6.735000;-1.1081;-0.6904;3.7812;4.000
6.743000;-0.8869;-0.6593;2.4058;2.647
6.754000;-0.5570;-0.3270;1.1095;1.284
6.764000;-0.1014;0.2038;0.7559;0.789
6.774000;0.4666;0.7985;1.5620;1.815
6.810000;1.1432;0.7218;3.5772;3.824
6.812000;0.7087;-0.0639;3.9436;4.007
6.814000;-0.1244;-1.0043;3.8952;4.024
6.816000;-0.9212;-1.8701;3.5372;4.106
6.824000;-1.3584;-2.4692;3.0062;4.121
6.835000;-1.4088;-2.6824;2.3710;3.847
6.844000;-1.2126;-2.4971;1.7552;3.284
6.854000;-0.9240;-2.0597;1.4514;2.684
6.864000;-0.7036;-1.5146;1.5917;2.307
6.874000;-0.5765;-1.0166;1.9576;2.280
6.898000;-0.6257;-0.7379;2.2405;2.440
6.900000;-0.7511;-0.7381;2.2558;2.490
6.906000;-0.8635;-1.0018;1.9144;2.327
6.914000;-0.9982;-1.3100;1.2557;2.071
6.924000;-1.1825;-1.5686;0.2570;1.981
6.935000;-1.3766;-1.7290;-0.8146;2.355
6.944000;-1.4651;-1.7372;-1.5912;2.774
6.955000;-1.4359;-1.5980;-2.0050;2.939
6.964000;-1.3265;-1.3391;-2.1600;2.867
6.974000;-1.1382;-1.0468;-2.1737;2.668
6.999000;-0.9104;-0.7396;-2.1989;2.492
7.003000;-0.7139;-0.4556;-2.2969;2.448
7.004000;-0.5799;-0.2225;-2.5107;2.586
7.013000;-0.5004;-0.0343;-2.7618;2.807
7.024000;-0.4623;0.1174;-3.0463;3.083
7.036000;-0.4954;0.2274;-3.1642;3.211
7.043000;-0.5157;0.3171;-3.1773;3.234
7.054000;-0.5508;0.3190;-3.0254;3.092
7.064000;-0.5891;0.2926;-2.6894;2.769
7.074000;-0.6794;0.2500;-2.1718;2.289
7.109000;-0.7388;0.2490;-1.5968;1.777
7.111000;-0.8246;0.2284;-1.1793;1.457
7.112000;-0.8811;0.1980;-0.8758;1.258
7.114000;-0.7909;0.3052;-0.4073;0.941
7.124000;-0.7389;0.4197;-0.3762;0.929
7.136000;-0.6574;0.6254;-0.5808;1.077
7.144000;-0.5728;0.8923;-0.8634;1.367
7.155000;-0.4707;1.2071;-1.0088;1.642
7.164000;-0.3912;1.5012;-0.9616;1.825
7.174000;-0.3562;1.7216;-0.8090;1.935
7.212000;-0.2752;1.8275;-0.4805;1.910
7.214000;-0.1855;1.8040;-0.0581;1.814
7.215000;-0.0981;1.7487;0.2250;1.766
7.216000;-0.0639;1.7029;0.3080;1.732
7.224000;-0.0728;1.6922;0.3239;1.724
7.235000;-0.0376;1.6990;0.3242;1.730
7.244000;0.0498;1.6919;0.3228;1.723
7.254000;0.0281;1.6032;0.3085;1.633
7.264000;-0.0485;1.4420;0.2414;1.463
7.275000;-0.1216;1.2389;0.2175;1.264
7.303000;-0.1443;1.0859;0.4593;1.188
7.304000;-0.1367;0.9720;0.8969;1.330
7.305000;-0.0579;0.8544;1.2666;1.529
7.314000;-0.0146;0.7017;1.5055;1.661
7.324000;0.0432;0.5375;1.7755;1.856
7.336000;0.1540;0.2999;2.0232;2.051
7.344000;0.2829;0.0118;2.1171;2.136
7.354000;0.4435;-0.2093;2.0972;2.154
7.364000;0.6383;-0.3398;1.9942;2.121
7.374000;0.8176;-0.3915;1.6805;1.909
7.403000;0.9004;-0.4402;1.1780;1.547
7.405000;0.9654;-0.5122;0.6500;1.272
7.407000;0.9585;-0.6062;0.2386;1.159
7.414000;0.9294;-0.6354;0.1474;1.135
7.424000;0.8255;-0.6003;0.4407;1.112
7.436000;0.7795;-0.6250;0.9588;1.385
7.444000;0.7297;-1.0480;1.8476;2.246
7.455000;0.6851;-1.2259;2.2116;2.620
7.464000;0.7143;-1.4282;2.6882;3.127
7.476000;0.7017;-1.7539;3.2133;3.727
7.507000;0.6216;-2.1027;3.8474;4.428
7.509000;0.5409;-2.3838;4.6056;5.214
7.511000;0.5433;-2.5424;5.2893;5.894
7.514000;0.6354;-2.6157;5.6528;6.261
7.524000;0.8569;-2.6170;5.4007;6.062
7.536000;1.0439;-2.5419;4.4299;5.213
7.544000;1.0968;-2.2880;2.9221;3.870
7.555000;1.1223;-1.8873;1.2667;2.535
7.564000;1.1387;-1.4295;-0.3324;1.858
7.574000;1.1358;-1.0052;-1.7165;2.291
7.598000;1.0681;-0.6019;-2.7202;2.984
7.600000;0.8949;-0.2842;-3.2178;3.352
7.607000;0.6729;-0.0678;-3.2348;3.305
7.614000;0.4874;0.0197;-2.7975;2.840
7.624000;0.4797;-0.0079;-2.1975;2.249
7.636000;0.6143;-0.0381;-1.6904;1.799
7.644000;0.7939;0.0539;-1.4327;1.639
7.654000;0.9462;0.2510;-1.4174;1.723
7.664000;0.9925;0.4980;-1.6123;1.958
7.674000;0.9724;0.7651;-1.9677;2.324
7.685000;0.8447;0.9581;-2.3933;2.713
7.698000;0.6180;1.0002;-2.6259;2.877
7.707000;0.3761;1.0091;-2.6229;2.835
7.714000;0.1726;0.9695;-2.3788;2.575
7.724000;-0.0313;0.9105;-1.9553;2.157
7.734000;-0.2772;0.8139;-1.4170;1.657
7.744000;-0.5846;0.6781;-0.9280;1.289
7.756000;-0.9504;0.4827;-0.5867;1.217
7.764000;-1.3613;0.2648;-0.3469;1.430
7.785000;-1.7082;0.0567;-0.1502;1.716
7.787000;-2.0558;-0.0734;-0.0630;2.058
7.794000;-1.9923;0.1296;-0.2829;2.016
7.805000;-1.7805;0.4900;-0.6195;1.948
7.814000;-1.5256;0.9096;-1.0389;2.058
7.824000;-1.2113;1.2861;-1.4378;2.278
7.837000;-0.9049;1.5784;-1.7316;2.512
7.844000;-0.6876;1.7549;-1.9722;2.728
7.856000;-0.6210;1.8793;-2.1744;2.940
7.864000;-0.6599;1.9321;-2.2428;3.033
7.876000;-0.6911;1.9577;-2.2011;3.026
7.912000;-0.6710;1.9208;-2.1631;2.970
7.915000;-0.5993;1.8654;-2.1231;2.889
7.916000;-0.5165;1.8382;-2.0956;2.835
7.918000;-0.4418;1.8307;-2.1246;2.839
7.924000;-0.3677;1.8726;-2.2056;2.917
7.934000;-0.2744;2.0093;-2.2112;3.000
7.944000;-0.0498;2.2595;-2.1252;3.102
7.957000;0.2156;2.4525;-1.9309;3.129
7.964000;0.3873;2.4512;-1.5518;2.927
7.995000;0.6692;2.2423;-0.8219;2.480
7.998000;0.9755;1.9275;0.3959;2.196
7.999000;1.0628;1.5490;1.6719;2.515
8.004000;0.7240;1.0445;2.9247;3.189
8.014000;0.1350;0.4589;4.0948;4.123
8.024000;-0.4023;-0.1699;5.0704;5.089
8.034000;-0.6335;-0.7588;5.5893;5.676
8.044000;-0.3985;-1.1519;5.3685;5.505
8.059000;-0.2260;-1.1668;4.6305;4.781
8.092000;-0.3242;-0.8949;3.4582;3.587
8.095000;-0.4213;-0.5058;2.2843;2.377
8.096000;-0.6367;-0.1083;1.5864;1.713
8.097000;-0.7301;0.0287;1.5711;1.733
8.105000;-0.7150;-0.1920;2.1485;2.272
8.114000;-0.8354;-1.7273;3.2986;3.816
8.124000;-0.9056;-2.4157;3.2351;4.138
8.134000;-0.9393;-2.9214;2.8299;4.174
8.144000;-0.8721;-3.1507;2.2661;3.978
8.160000;-0.6736;-3.0687;1.5906;3.521
8.166000;-0.4047;-2.6757;0.8913;2.849
8.199000;-0.0506;-2.1498;0.2874;2.170
8.201000;0.4281;-1.6128;-0.3139;1.698
8.203000;0.8992;-1.1528;-1.0184;1.782
8.204000;1.2538;-0.7503;-1.6628;2.214
8.214000;1.4008;-0.4315;-2.0270;2.501
8.224000;1.3053;-0.3311;-1.9797;2.394
8.234000;0.9817;-0.5526;-1.5399;1.908
8.244000;0.6332;-0.9990;-1.0507;1.582
8.259000;0.3638;-1.4458;-0.7363;1.663
8.264000;0.1343;-1.7264;-0.6107;1.836
8.292000;0.0148;-1.8390;-0.5650;1.924
8.294000;0.0326;-1.7763;-0.6729;1.900
8.296000;0.0937;-1.5352;-0.9244;1.794
8.304000;0.1809;-1.1649;-1.2295;1.703
8.315000;0.2386;-0.7651;-1.6324;1.819
8.325000;0.2814;-0.4298;-2.0065;2.071
8.334000;0.3422;-0.1830;-2.4304;2.461
8.344000;0.3635;0.0244;-2.8705;2.894
8.357000;0.3110;0.2707;-3.1013;3.129
8.364000;0.1889;0.4622;-3.0344;3.075
8.388000;0.0358;0.5323;-2.6622;2.715
8.391000;-0.0540;0.5485;-2.0697;2.142
8.395000;-0.1133;0.5149;-1.4835;1.574
8.404000;-0.1422;0.4990;-1.0999;1.216
8.414000;-0.1876;0.4880;-0.9123;1.051
8.424000;-0.2120;0.5595;-0.8721;1.058
8.434000;-0.1638;0.7132;-0.9139;1.171
8.444000;-0.0530;1.1285;-1.1384;1.604
8.458000;-0.0764;1.2798;-1.1284;1.708
8.465000;-0.0998;1.3365;-1.0079;1.677
8.501000;-0.1825;1.3038;-0.7329;1.507
8.503000;-0.1851;1.2141;-0.3026;1.265
8.504000;-0.1173;1.1301;0.3000;1.175
8.505000;-0.0800;1.0458;0.9131;1.391
8.514000;-0.0729;0.9344;1.3290;1.626
8.524000;-0.0087;0.7974;1.4625;1.666
8.535000;-0.0132;0.6495;1.2137;1.377
8.545000;-0.0929;0.5340;0.8140;0.978
8.559000;-0.2783;0.4915;0.5684;0.801
8.564000;-0.3212;0.4864;0.4270;0.723
8.594000;-0.2108;0.5313;0.3798;0.686
8.595000;-0.1153;0.5807;0.4552;0.747
8.596000;-0.1358;0.6055;0.6468;0.896
8.604000;-0.2000;0.6467;0.7808;1.033
8.614000;-0.2409;0.6040;1.0275;1.216
8.624000;-0.1436;0.4586;1.4358;1.514
8.634000;0.0308;0.2916;2.0501;2.071
8.644000;0.3075;0.2165;2.7387;2.764
8.659000;0.6374;0.1786;3.2864;3.352
8.664000;0.8255;0.0626;3.4710;3.568
8.689000;0.7483;-0.0955;3.3456;3.430
8.691000;0.6152;-0.2008;2.8812;2.953
8.694000;0.4553;-0.3548;2.0913;2.170
8.705000;0.3211;-0.5971;1.2564;1.428
8.713000;0.1530;-0.7761;0.5812;0.982
8.724000;-0.1480;-0.9343;0.0841;0.950
8.734000;-0.6403;-1.1046;0.1355;1.284
8.745000;-0.9847;-1.4857;0.7128;1.920
8.760000;-1.1625;-2.0197;2.6632;3.539
8.764000;-1.1289;-2.5496;2.6194;3.826
8.796000;-0.4181;-3.2722;4.7253;5.763
8.798000;0.0263;-3.2826;5.0062;5.987
8.799000;0.5163;-3.1571;4.9499;5.894
8.804000;0.8789;-2.8104;4.3962;5.291
8.814000;0.9319;-2.3808;3.2243;4.115
8.824000;0.6967;-1.9071;1.6662;2.626
8.833000;0.4881;-1.4678;-0.0132;1.547
8.844000;0.3787;-1.1303;-1.3474;1.799
8.862000;0.3855;-0.8689;-2.0999;2.305
8.866000;0.3890;-0.6152;-2.3804;2.489
8.893000;0.3175;-0.4219;-2.4108;2.468
8.895000;0.2458;-0.2565;-2.2546;2.282
8.896000;0.2463;-0.1104;-1.8890;1.908
8.904000;0.2934;0.0124;-1.4928;1.521
8.914000;0.4176;0.1495;-1.3331;1.405
8.924000;0.5705;0.3282;-1.4542;1.596
8.934000;0.6799;0.5592;-1.8467;2.046
8.944000;0.7269;0.7658;-2.3364;2.564
8.960000;0.7950;1.0113;-2.8128;3.093
8.965000;0.8811;1.2541;-3.2227;3.569
8.990000;0.9032;1.4637;-3.5670;3.960
8.992000;0.7690;1.5657;-3.7683;4.152
8.995000;0.5112;1.5284;-3.6580;3.997
9.005000;0.1961;1.3944;-3.0707;3.378
9.015000;-0.0346;1.1394;-2.3138;2.579
9.024000;-0.1745;0.8143;-1.7102;1.902
9.035000;-0.2648;0.5450;-1.3350;1.466
9.045000;-0.3611;0.4221;-1.1106;1.242
9.059000;-0.5414;0.3690;-0.8373;1.063
9.065000;-0.6986;0.3675;-0.5696;0.973
9.097000;-0.7975;0.4150;-0.2305;0.928
9.099000;-0.8484;0.5317;0.1365;1.011
9.100000;-0.8031;0.6951;0.2820;1.099
9.107000;-0.6224;0.9321;-0.0850;1.124
9.115000;-0.3073;1.5485;-0.2541;1.599
9.124000;-0.1563;1.7744;-0.4291;1.832
9.134000;-0.0340;1.9000;-0.6247;2.000
9.144000;0.0076;1.9883;-0.7216;2.115
9.159000;0.0964;2.0741;-0.6485;2.175
9.164000;0.2301;2.1157;-0.4388;2.173
9.194000;0.3016;2.0595;-0.1136;2.085
9.196000;0.2994;1.9206;0.4051;1.986
9.196000;0.2344;1.7205;1.0603;2.035
9.205000;0.1276;1.4944;1.6909;2.260
9.214000;0.1589;1.2958;2.3696;2.705
9.224000;0.2582;1.0718;3.1484;3.336
9.234000;0.3199;0.9073;3.8649;3.983
9.244000;0.1636;0.7261;4.4349;4.497
9.259000;-0.1066;0.5364;4.6931;4.725
9.264000;-0.3374;0.2750;4.5523;4.573
9.287000;-0.4622;-0.0401;3.8447;3.873
9.290000;-0.5209;-0.3131;2.6887;2.757
9.294000;-0.6672;-0.4832;1.5368;1.744
9.304000;-0.7903;-0.4916;0.7118;1.172
9.314000;-0.8371;-0.4970;0.1318;0.982
9.326000;-0.7930;-0.4945;-0.3125;0.985
9.334000;-0.7111;-0.4624;-0.4129;0.943
9.344000;-0.5658;-0.5363;0.2826;0.829
9.359000;-0.2957;-0.7629;1.4667;1.679
9.364000;-0.0614;-1.1193;2.2266;2.493
9.392000;-0.1785;-1.5428;2.3289;2.799
9.394000;-0.5169;-2.0093;1.9289;2.833
9.395000;-0.7976;-2.3010;1.4512;2.835
9.406000;-0.8000;-2.3073;1.1378;2.694
9.414000;-0.5172;-2.0418;0.7801;2.246
9.424000;-0.1176;-1.5757;0.3639;1.621
9.434000;0.1648;-1.0835;-0.0961;1.100
9.444000;0.1223;-0.5426;-0.9321;1.085
9.454000;-0.1223;-0.5279;-1.1709;1.290
9.471000;-0.3063;-0.6123;-1.0816;1.280
9.484000;-0.3701;-0.8564;-0.5719;1.094
9.498000;-0.2437;-0.8523;-0.5246;1.030
9.509000;-0.0254;-0.7255;-0.5027;0.883
9.514000;0.2477;-0.5134;-0.4328;0.716
9.524000;0.4386;-0.2983;-0.2900;0.605
9.534000;0.5564;-0.1486;-0.0976;0.584
9.544000;0.6894;-0.1079;0.0008;0.698
9.559000;0.7746;-0.1689;-0.0320;0.793
9.564000;0.7523;-0.2695;-0.3083;0.857
9.600000;0.6394;-0.3678;-0.8095;1.095
9.602000;0.4598;-0.4196;-1.3693;1.504
9.604000;0.2875;-0.4523;-1.7740;1.853
9.605000;0.1578;-0.4416;-1.9506;2.006
9.614000;-0.0007;-0.4413;-1.9814;2.030
9.624000;-0.1705;-0.4847;-1.8853;1.954
9.634000;-0.3605;-0.5434;-1.6961;1.817
9.644000;-0.5061;-0.5292;-1.4971;1.667
9.660000;-0.5753;-0.4385;-1.4590;1.629
9.664000;-0.6270;-0.2985;-1.4648;1.621
9.695000;-0.6502;-0.1260;-1.4454;1.590
9.697000;-0.6592;0.0553;-1.3447;1.499
9.698000;-0.6564;0.2095;-1.2091;1.392
9.706000;-0.6050;0.3387;-1.1343;1.329
9.714000;-0.4558;0.4296;-1.0449;1.218
9.724000;-0.2788;0.5512;-0.8274;1.033
9.734000;-0.1452;0.7197;-0.4460;0.859
9.743000;-0.0209;0.9189;0.0191;0.919
9.754000;0.0882;1.0847;0.4845;1.191
9.764000;0.1399;1.1669;0.9360;1.502
9.793000;0.0995;1.1215;1.4707;1.852
9.795000;-0.0314;0.9660;1.3774;1.683
9.796000;-0.1901;0.7938;1.2209;1.469
9.804000;-0.3578;0.6599;1.0267;1.272
9.814000;-0.4935;0.5962;0.7456;1.075
9.824000;-0.5689;0.5724;0.3896;0.896
9.835000;-0.5116;0.6116;0.1230;0.807
9.844000;-0.3477;0.6886;0.0188;0.772
9.863000;-0.2631;0.7134;0.0304;0.761
9.866000;-0.2251;0.6903;0.2584;0.771
9.905000;-0.1908;0.5591;0.7726;0.973
9.906000;-0.1899;0.3923;1.4638;1.527
9.907000;-0.1764;0.2001;1.9285;1.947
9.908000;-0.1149;-0.0066;2.0284;2.032
9.914000;-0.0302;-0.2420;1.8189;1.835
9.924000;0.0930;-0.4781;1.3401;1.426
9.934000;0.2071;-0.6210;0.9451;1.150
9.944000;0.3289;-0.6475;0.8088;1.087
9.960000;0.4643;-0.5894;0.9176;1.185
9.964000;0.6288;-0.5281;0.9769;1.276
10.005000;0.7451;-0.5532;0.7896;1.218
10.006000;0.8043;-0.6470;0.4058;1.109
10.007000;0.7665;-0.7812;0.1118;1.100
10.008000;0.6783;-0.9587;0.1094;1.179
10.014000;0.5497;-1.1407;0.4300;1.337
10.024000;0.4134;-1.3702;0.9517;1.719
10.034000;0.3672;-1.5821;1.4815;2.198
10.044000;0.3591;-1.7249;1.8298;2.540
10.054000;0.3850;-1.7938;2.1389;2.818
10.064000;0.5760;-1.7578;2.2321;2.899
10.092000;0.8148;-1.6312;1.9734;2.687
10.094000;0.9916;-1.4306;1.4520;2.267
10.096000;0.8218;-0.9465;0.5277;1.360
10.103000;0.4954;-0.7473;0.4227;0.991
10.115000;0.1574;-0.6762;0.5651;0.895
10.125000;-0.2339;-0.7574;0.7219;1.072
10.134000;-0.6653;-0.9296;0.7525;1.369
10.144000;-1.0879;-1.1253;0.5371;1.655
10.154000;-1.3685;-1.1995;0.2503;1.837
10.165000;-1.4037;-1.1259;-0.1517;1.806
10.194000;-1.1504;-0.8409;-0.6177;1.553
10.196000;-0.7289;-0.3586;-1.1567;1.413
10.197000;-0.2610;0.2478;-1.6432;1.682
10.204000;0.1264;0.8606;-2.0587;2.235
10.254000;0.4086;1.4326;-2.4401;2.859
10.256000;0.5754;1.8267;-2.7775;3.374
10.257000;0.6508;2.1822;-2.9595;3.734
10.259000;0.6316;2.3738;-3.0098;3.885
10.260000;0.4856;2.3390;-2.9128;3.767
10.268000;0.2759;1.9537;-2.5758;3.245
10.274000;0.0689;1.5561;-2.1257;2.635
10.284000;-0.1041;1.1738;-1.6059;1.992
10.308000;-0.3210;0.8761;-1.0761;1.424
10.310000;-0.4278;0.6809;-0.6415;1.029
10.314000;-0.3733;0.6450;-0.4184;0.855
10.324000;-0.2881;0.7025;-0.3072;0.819
10.335000;-0.1498;0.8462;-0.2713;0.901
10.344000;-0.0763;1.0096;-0.3157;1.061
10.353000;-0.0295;1.1443;-0.4522;1.231
10.364000;0.0232;1.2113;-0.5936;1.349
10.397000;0.1059;1.2456;-0.6963;1.431
10.399000;0.1726;1.2855;-0.6205;1.438
10.400000;0.2769;1.3796;-0.3234;1.444
10.404000;0.4321;1.5034;-0.0296;1.565
10.414000;0.5642;1.6445;0.1785;1.748
10.424000;0.6713;1.7371;0.2390;1.878
10.434000;0.7981;1.8323;0.0325;1.999
10.444000;0.7359;1.7763;-0.0464;1.923
10.454000;0.6327;1.7091;0.0687;1.824
10.467000;0.5604;1.6072;0.3675;1.741
10.504000;0.4929;1.3041;1.1010;1.776
10.508000;0.4378;1.1869;1.4723;1.941
10.508000;0.2717;1.0333;1.8648;2.149
10.514000;0.0180;0.8596;2.2669;2.424
10.525000;-0.3102;0.6005;2.7526;2.834
10.534000;-0.5537;0.2590;3.2618;3.319
10.544000;-0.7226;-0.1098;3.7113;3.783
10.554000;-0.8515;-0.4751;3.8934;4.014
10.565000;-0.9454;-0.8201;3.4960;3.713
10.601000;-0.9916;-1.0481;2.3874;2.790
10.603000;-1.0883;-1.1457;0.9086;1.823
10.605000;-1.2370;-1.1115;-0.4413;1.721
10.606000;-1.3774;-0.9915;-1.2926;2.133
10.614000;-1.3830;-0.7846;-1.7247;2.346
10.625000;-1.1816;-0.5486;-1.8577;2.269
10.634000;-0.7024;-0.4122;-1.7123;1.896
10.644000;-0.1735;-0.4756;-1.3387;1.431
10.654000;0.1339;-0.7681;-0.8629;1.163
10.664000;0.1347;-1.1214;-0.3986;1.198
10.697000;0.0653;-1.2662;0.1314;1.275
10.699000;0.0467;-1.1997;0.8552;1.474
10.701000;0.1622;-1.0444;1.4700;1.811
10.704000;0.3866;-0.8374;1.8330;2.052
10.714000;0.5362;-0.6272;1.8863;2.059
10.725000;0.5756;-0.4435;1.9059;2.040
10.734000;0.6426;-0.2759;1.9541;2.075
10.744000;0.6487;-0.2069;1.9197;2.037
10.753000;0.5874;-0.2960;1.7985;1.915
10.764000;0.3698;-0.9053;1.6897;1.952
10.799000;0.0668;-1.2646;1.6501;2.080
10.801000;-0.2486;-1.5953;1.5165;2.215
10.803000;-0.5335;-1.8379;1.3175;2.323
10.805000;-0.6772;-1.9369;1.0354;2.298
10.814000;-0.6850;-1.8737;0.4967;2.056
10.824000;-0.5863;-1.6548;-0.2234;1.770
10.834000;-0.4416;-1.3082;-0.9361;1.668
10.844000;-0.2463;-0.9651;-1.5590;1.850
10.855000;-0.1296;-0.5944;-2.0673;2.155
10.867000;-0.1303;-0.2078;-2.5672;2.579
10.916000;-0.2777;0.1799;-2.9997;3.018
10.919000;-0.4634;0.5230;-3.2764;3.350
10.920000;-0.6280;0.7949;-3.3886;3.537
10.922000;-0.8675;0.9952;-3.1699;3.434
10.924000;-1.0806;1.1800;-2.5360;2.999
10.926000;-1.2133;1.3625;-1.7789;2.548
10.934000;-1.2316;1.5480;-1.0339;2.232
10.944000;-1.0453;1.7982;-0.1761;2.087
10.954000;-0.7091;2.0477;0.7148;2.282
10.964000;-0.3199;2.2115;1.5781;2.736
11.005000;0.0931;2.2460;2.2614;3.189
11.007000;0.0240;2.1226;2.6018;3.358
11.009000;0.6054;1.8896;2.5399;3.223
11.010000;0.6363;1.6244;2.2813;2.872
11.014000;0.6588;1.3458;1.9386;2.450
11.026000;0.6819;1.0946;1.4675;1.954
11.034000;0.7972;0.9541;1.0167;1.606
11.044000;0.9532;0.9117;0.6760;1.482
11.054000;1.0286;0.8469;0.4498;1.406
11.066000;1.0048;0.6987;0.2425;1.248
11.102000;0.8441;0.4483;0.0780;0.959
11.104000;0.6367;0.1098;-0.0169;0.646
11.105000;0.4122;-0.2428;-0.1012;0.489
11.106000;-0.0864;-0.8489;0.1956;0.875
11.115000;-0.3138;-1.1521;0.6326;1.351
11.125000;-0.4858;-1.4653;0.9821;1.830
11.136000;-0.6289;-1.7142;1.1707;2.169
11.146000;-0.7736;-1.8795;1.3055;2.416
11.155000;-0.7848;-1.9131;1.4701;2.537
11.164000;-0.6535;-1.9316;1.6005;2.592
11.197000;-0.3960;-1.8567;1.6228;2.498
11.199000;-0.0086;-1.6407;1.6909;2.356
11.200000;0.3868;-1.3604;1.8655;2.341
11.204000;0.6868;-1.1086;1.9111;2.314
11.214000;0.8534;-0.9699;1.6851;2.123
11.226000;0.9047;-0.9358;1.1215;1.718
11.247000;0.6589;-0.8709;-0.5680;1.231
11.254000;0.5681;-0.7188;-1.3878;1.663
11.264000;0.6621;-0.5060;-1.9698;2.139
11.278000;0.8551;-0.2506;-2.2012;2.375
11.284000;1.0367;-0.0967;-2.0693;2.316
11.312000;1.1195;-0.0937;-1.6407;1.988
11.313000;1.0774;-0.2380;-0.9904;1.483
11.315000;0.8415;-0.4337;-0.2548;0.980
11.325000;0.6011;-0.6559;0.3351;0.951
11.333000;0.3573;-0.8494;0.8031;1.222
11.344000;0.2457;-0.9898;0.9955;1.425
11.353000;0.2026;-0.9819;0.7504;1.252
11.364000;0.3069;-0.7809;-0.0051;0.839
11.378000;0.5270;-0.4339;-1.0800;1.278
11.383000;0.6109;-0.1517;-1.8169;1.923
11.404000;0.5530;-0.0309;-2.2725;2.339
11.405000;0.1647;-0.1245;-2.4267;2.435
11.414000;-0.4018;-0.3894;-2.1788;2.250
11.425000;-0.9202;-0.8101;-1.6215;2.033
11.434000;-1.4996;-1.6219;-0.5624;2.279
11.444000;-1.4994;-1.6641;-0.4194;2.279
11.454000;-1.2809;-1.4049;-0.5553;1.981
11.463000;-0.8709;-0.8759;-0.8894;1.522
11.478000;-0.3715;-0.1741;-1.4340;1.492
11.484000;0.1368;0.5259;-2.0154;2.087
11.512000;0.5948;1.1441;-2.4164;2.739
11.513000;0.8239;1.5716;-2.5178;3.080
11.515000;0.8618;1.8427;-2.6285;3.324
11.525000;0.7477;1.8440;-2.4079;3.124
11.533000;0.5354;1.5584;-1.7041;2.370
11.543000;0.4279;1.1331;-0.7228;1.410
11.553000;0.3534;0.8054;0.1418;0.891
11.564000;0.3228;0.5603;0.9396;1.141
11.578000;0.3268;0.4176;1.5047;1.595
11.583000;0.3509;0.3601;1.6638;1.738
11.612000;0.3563;0.4743;1.2523;1.386
11.613000;0.3765;0.8166;0.4467;1.004
11.615000;0.3770;1.2926;-0.3718;1.397
11.626000;0.3453;1.7552;-0.8577;1.984
11.634000;0.3447;2.0940;-0.9648;2.331
11.644000;0.2715;2.3092;-0.9982;2.530
11.654000;0.1717;2.4159;-0.8536;2.568
11.664000;0.0285;2.3879;-0.5537;2.451
11.679000;-0.1090;2.2860;-0.1927;2.297
11.684000;-0.2775;2.1090;0.1373;2.132
11.709000;-0.4090;1.8537;0.4220;1.945
11.711000;-0.5182;1.5731;0.6188;1.768
11.714000;-0.6431;1.3026;0.7751;1.647
11.726000;-0.7409;1.0885;0.9214;1.607
11.734000;-0.8754;0.9422;1.1393;1.718
11.744000;-1.1527;0.8123;1.4612;2.031
11.754000;-1.4489;0.6812;1.8237;2.427
11.764000;-1.6786;0.1127;2.3153;2.862
11.780000;-1.6334;-0.2001;1.9905;2.583
11.785000;-1.6364;-0.3454;1.3780;2.167
11.819000;-1.7022;-0.3316;0.7599;1.893
11.821000;-1.6335;-0.1886;0.2632;1.665
11.822000;-1.3480;0.0050;-0.0035;1.348
11.828000;-0.8862;0.2001;0.2433;0.940
11.834000;-0.4232;0.2334;0.9553;1.071
11.844000;-0.1740;0.0980;1.6516;1.664
11.854000;-0.2301;-0.2382;1.8849;1.914
11.864000;-0.5801;-0.7232;1.8278;2.049
11.881000;-0.9219;-1.1325;1.9056;2.401
11.884000;-0.9824;-1.3224;2.2675;2.803
11.921000;-0.7010;-1.1868;2.5735;2.919
11.924000;-0.2283;-0.8272;2.3837;2.533
11.926000;0.1895;-0.3179;1.5148;1.559
11.927000;0.4343;0.1420;0.4530;0.643
11.935000;0.4898;0.3687;-0.2040;0.646
11.944000;0.4691;0.3422;-0.6138;0.845
11.954000;0.3292;0.1709;-0.8691;0.945
11.964000;0.1687;-0.1314;-0.9255;0.950
11.982000;0.0940;-0.4852;-0.7663;0.912
11.985000;0.0936;-0.8128;-0.4310;0.925
12.026000;0.0774;-1.0916;-0.0157;1.094
12.027000;0.0906;-1.3077;0.3104;1.347
12.028000;0.1850;-1.4057;0.5669;1.527
12.030000;0.3593;-1.3661;0.6716;1.564
12.034000;0.5979;-1.2148;0.5745;1.471
12.044000;0.7924;-0.9992;0.1657;1.286
12.054000;0.9055;-0.7949;-0.4686;1.293
12.065000;0.8903;-0.5868;-1.0996;1.532
12.089000;0.8304;-0.4571;-1.7005;1.947
12.092000;0.6805;-0.3516;-2.1069;2.242
12.095000;0.0541;-0.2030;-2.4623;2.471
12.131000;-0.2546;-0.1293;-2.2259;2.244
12.134000;-0.4307;-0.0769;-1.7603;1.814
12.135000;-0.5164;-0.0637;-1.2561;1.360
12.136000;-0.6312;-0.0714;-0.8555;1.066
12.144000;-0.6758;-0.0667;-0.7461;1.009
12.154000;-0.6545;-0.0023;-0.8384;1.064
12.164000;-0.5653;0.1213;-1.0261;1.178
12.174000;-0.3839;0.2967;-1.1133;1.214
12.184000;-0.2228;0.4760;-1.0791;1.200
12.222000;-0.1478;0.5921;-0.8961;1.084
12.225000;-0.1084;0.6311;-0.5473;0.842
12.226000;-0.0518;0.5958;-0.1536;0.617
12.227000;-0.0420;0.5009;0.1162;0.516
12.234000;-0.1167;0.3846;0.3939;0.563
12.245000;-0.1495;0.3203;0.7882;0.864
12.254000;-0.1520;0.2858;1.2778;1.318
12.264000;-0.1642;0.1838;1.6779;1.696
12.274000;-0.1652;0.0279;1.8528;1.860
12.285000;-0.1164;-0.0809;1.5478;1.554
12.331000;-0.1214;-0.0874;0.9310;0.943
12.332000;-0.1308;0.0319;0.4164;0.438
12.334000;-0.0582;0.1827;0.4271;0.468
12.334000;0.0771;0.2932;0.9565;1.003
12.335000;0.2412;0.2663;1.6451;1.684
12.344000;0.4872;0.1512;2.2665;2.323
12.354000;0.7030;0.0062;2.8168;2.903
12.364000;0.8486;-0.1004;3.5133;3.616
12.374000;1.0171;-0.1387;4.1066;4.233
12.384000;1.1727;-0.1689;4.2524;4.414
12.425000;1.4141;-0.1768;3.7332;3.996
12.427000;1.5863;-0.1331;2.6097;3.057
12.428000;1.5298;0.0195;1.3112;2.015
12.430000;1.3362;0.1575;-0.8490;1.591
12.434000;0.8378;0.1483;-1.5262;1.747
12.445000;0.4967;0.0260;-1.6536;1.727
12.454000;0.2464;-0.2249;-1.1868;1.233
12.464000;0.2233;-0.6414;-0.3559;0.767
12.474000;0.2599;-1.0557;0.2547;1.117
12.485000;0.2039;-1.3389;0.5667;1.468
12.522000;0.1621;-1.4737;0.5566;1.584
12.523000;0.1193;-1.4053;0.2290;1.429
12.525000;0.0646;-1.2173;-0.3314;1.263
12.526000;0.0017;-0.9584;-0.8264;1.266
12.534000;-0.0737;-0.7849;-1.0751;1.333
12.544000;-0.1533;-0.7216;-1.0444;1.279
12.553000;-0.2756;-0.7204;-0.7469;1.074
12.564000;-0.4799;-0.8008;-0.4214;1.024
12.574000;-0.6602;-0.8820;-0.2147;1.122
12.585000;-0.8510;-0.9111;-0.2001;1.263
12.629000;-0.9812;-0.9003;-0.4157;1.395
12.631000;-0.9509;-0.8058;-0.9705;1.580
12.632000;-0.7879;-0.5795;-1.7943;2.044
12.633000;-0.6218;-0.2062;-2.5579;2.640
12.635000;-0.3426;0.2494;-3.1642;3.192
12.645000;-0.0574;0.7395;-3.5206;3.598
12.654000;0.1594;1.1847;-3.7217;3.909
12.664000;0.3094;1.5518;-3.8245;4.139
12.674000;0.3979;1.8420;-3.8418;4.279
12.685000;0.4509;2.0508;-3.5929;4.162
12.717000;0.4792;2.1491;-2.9430;3.676
12.719000;0.4278;1.9966;-1.9845;2.847
12.721000;0.3954;1.6816;-0.9937;1.993
12.724000;0.1919;1.2647;-0.2457;1.303
12.734000;-0.2133;0.8489;0.3331;0.937
12.744000;-0.6151;0.5436;0.8384;1.173
12.754000;-0.9009;0.3571;1.2306;1.566
12.764000;-0.9700;0.3374;1.5628;1.870
12.774000;-0.9256;0.5066;1.4611;1.802
12.784000;-0.8290;0.7125;1.4096;1.784
12.816000;-0.7584;0.8799;1.4013;1.820
12.818000;-0.7478;0.9939;1.3419;1.830
12.819000;-0.6755;1.0585;1.2903;1.800
12.823000;-0.6188;1.0151;1.5321;1.939
12.834000;-0.6044;0.8641;2.1393;2.385
12.845000;-0.5471;0.6118;2.8970;3.011
12.855000;-0.4746;0.2983;3.3887;3.435
12.865000;-0.4179;0.0300;3.3116;3.338
12.875000;-0.4809;-0.1402;2.3581;2.411
12.888000;-0.6290;-0.1114;1.0392;1.220
12.936000;-0.6315;0.0965;0.1648;0.660
12.938000;-0.4228;0.3571;-0.3729;0.667
12.938000;-0.2816;0.5590;-0.1067;0.635
12.939000;-0.1306;0.6024;0.9538;1.136
12.940000;0.0716;0.3195;2.2169;2.241
12.945000;0.1771;-0.2040;2.9101;2.923
12.954000;0.1018;-0.7070;2.9591;3.044
12.964000;-0.0085;-1.0376;2.6089;2.808
12.974000;-0.0456;-1.1213;2.1022;2.383
12.984000;0.0231;-0.9679;1.3367;1.650
13.021000;0.1097;-0.6384;0.5259;0.834
13.022000;0.2192;-0.2158;-0.1844;0.359
13.023000;0.2931;0.1113;-0.6789;0.748
13.025000;0.2677;0.3225;-0.9384;1.028
13.034000;0.1219;0.4225;-1.1561;1.237
13.045000;-0.0781;0.3712;-1.2969;1.351
13.054000;-0.2012;0.1752;-1.3322;1.359
13.064000;-0.2775;-0.0428;-1.1873;1.220
13.074000;-0.3282;-0.2697;-0.8506;0.951
13.085000;-0.2979;-0.4807;-0.5175;0.767
13.122000;0.1313;-0.5256;-0.1503;0.562
13.124000;0.3460;-0.3377;-0.2312;0.536
13.125000;0.5413;-0.1207;-0.4315;0.703
13.131000;0.7073;0.0839;-0.6999;0.999
13.134000;0.7830;0.2438;-0.9872;1.283
13.145000;0.7025;0.2775;-1.2650;1.473
13.154000;0.5506;0.2148;-1.5119;1.623
13.165000;0.3012;0.0186;-1.7096;1.736
13.174000;0.0808;-0.2212;-1.7973;1.813
13.185000;-0.0480;-0.4030;-1.6978;1.746
13.231000;-0.0748;-0.4599;-1.4793;1.551
13.233000;-0.0619;-0.3980;-1.2549;1.318
13.235000;0.0109;-0.2780;-1.1735;1.206
13.236000;0.1063;-0.1563;-1.2474;1.262
13.237000;0.1435;-0.0954;-1.3805;1.391
13.245000;0.1384;-0.1038;-1.3245;1.336
13.254000;0.1537;-0.0975;-0.9918;1.008
13.265000;0.1204;-0.1120;-0.4470;0.476
13.274000;0.0696;-0.1242;0.1160;0.184
13.284000;0.0047;-0.1938;0.4757;0.514
13.324000;-0.1297;-0.3102;0.5636;0.656
13.326000;-0.2785;-0.5527;0.6125;0.871
13.327000;-0.3350;-0.7921;0.6970;1.107
13.328000;-0.3572;-0.9623;0.9233;1.381
13.334000;-0.3979;-1.0274;1.1897;1.621
13.345000;-0.4027;-0.9662;1.4808;1.813
13.354000;-0.4025;-0.8177;1.8727;2.083
13.364000;-0.4579;-0.6447;2.4779;2.601
13.374000;-0.3605;-0.4961;3.1607;3.220
13.384000;-0.1003;-0.3757;4.1162;4.135
13.421000;0.2622;-0.3723;4.9818;5.003
13.423000;0.5666;-0.4619;5.6056;5.653
13.425000;0.8389;-0.6070;5.8239;5.915
13.426000;1.0613;-0.5425;4.8164;4.962
13.434000;0.9830;-0.3536;3.6713;3.817
13.445000;0.8797;-0.2873;2.7588;2.910
13.454000;0.7567;-0.4178;2.4293;2.579
13.464000;0.5704;-0.7777;2.4248;2.610
13.474000;0.3872;-1.2540;2.5336;2.853
13.485000;0.3084;-1.7154;2.5544;3.092
13.530000;0.4180;-2.0920;2.2392;3.093
13.532000;0.5841;-2.2807;1.4945;2.789
13.534000;0.7545;-2.2181;0.4953;2.395
13.535000;0.9029;-1.9392;-0.4107;2.178
13.537000;1.1154;-1.4853;-1.1680;2.194
13.546000;1.3138;-0.9005;-1.7526;2.368
13.554000;1.4090;-0.3058;-2.1720;2.607
13.564000;1.4125;0.2228;-2.3580;2.758
13.574000;1.3912;0.5151;-2.4545;2.868
13.585000;1.2464;0.5019;-2.4609;2.804
13.627000;1.0527;0.2945;-2.4993;2.728
13.628000;0.7755;0.0335;-2.6419;2.754
13.630000;0.5274;-0.1238;-2.9664;3.015
13.631000;0.3522;-0.1380;-3.4261;3.447
13.634000;0.2996;0.0224;-3.7192;3.731
13.645000;0.2713;0.3177;-3.9115;3.934
13.654000;0.1972;0.6349;-3.9105;3.967
13.664000;0.1017;0.9200;-3.7555;3.868
13.674000;0.0191;1.1259;-3.5968;3.769
13.692000;-0.0641;1.2679;-3.4317;3.659
13.694000;-0.0179;1.4322;-3.1891;3.496
13.733000;0.1100;1.5866;-2.7170;3.148
13.735000;0.1770;1.7575;-2.0179;2.682
13.737000;0.2151;1.8882;-1.3367;2.323
13.738000;0.0674;1.8746;-0.6869;1.998
13.745000;-0.2857;1.7262;-0.0930;1.752
13.754000;-1.3184;1.1870;0.6816;1.900
13.765000;-1.7681;0.8507;0.7307;2.094
13.774000;-2.1329;0.5478;0.5428;2.268
13.784000;-2.2863;0.4325;0.1558;2.332
13.830000;-2.3064;0.5657;-0.1821;2.382
13.833000;-2.3313;0.8142;-0.3733;2.497
13.835000;-2.2699;1.0679;-0.3826;2.538
13.836000;-2.0365;1.3859;-0.2713;2.478
13.837000;-1.5971;1.7784;0.0427;2.391
13.846000;-0.9729;2.1546;0.6139;2.443
13.854000;-0.4053;2.3789;1.1851;2.688
13.864000;-0.1269;2.4572;1.5468;2.906
13.874000;-0.1294;2.3961;1.8084;3.005
13.884000;-0.1813;2.0967;1.8633;2.811
13.927000;-0.1720;1.5090;1.6256;2.225
13.929000;-0.1655;0.7712;1.1051;1.358
13.930000;-0.2844;0.0397;0.4189;0.508
13.931000;-0.5465;-0.4997;0.1495;0.755
13.935000;-0.6945;-0.7185;0.4752;1.106
13.946000;-0.6003;-0.7219;1.3549;1.648
13.954000;-0.3899;-0.7657;2.5236;2.666
13.965000;-0.2237;-1.1004;4.0208;4.175
13.974000;-0.0557;-1.6682;5.2222;5.482
13.984000;-0.0125;-2.3065;5.8242;6.264
13.994000;-0.2003;-2.8590;5.7990;6.469
14.034000;-0.4635;-3.2603;5.3715;6.301
14.037000;-0.6776;-3.4412;4.7225;5.882
14.039000;-0.7519;-3.3629;3.8286;5.151
14.042000;-0.7726;-3.0242;2.7336;4.149
14.044000;-0.7476;-2.5180;1.5909;3.071
14.055000;-0.6612;-1.9741;0.7101;2.200
14.067000;-0.4960;-1.5261;0.0862;1.607
14.074000;-0.2796;-1.2247;-0.5763;1.382
14.119000;0.0007;-1.0295;-1.6897;1.979
14.121000;0.1820;-0.7868;-2.0377;2.192
14.123000;0.4111;-0.6264;-2.1026;2.232
14.123000;0.6133;-0.5374;-2.0538;2.210
14.125000;0.7513;-0.4966;-2.1323;2.315
14.134000;0.7805;-0.4684;-2.4568;2.620
14.146000;0.7442;-0.3553;-2.8868;3.002
14.154000;0.7207;-0.1743;-3.3033;3.385
14.165000;0.7187;0.0423;-3.6301;3.701
14.174000;0.6472;0.2159;-3.9385;3.997
14.184000;0.4835;0.3821;-4.0541;4.101
14.234000;0.2850;0.5028;-3.8152;3.859
14.236000;0.1420;0.5369;-3.3543;3.400
14.236000;0.0602;0.4797;-2.7186;2.761
14.238000;0.0243;0.3641;-2.1745;2.205
14.238000;-0.0197;0.2717;-1.8315;1.852
14.244000;-0.1318;0.1318;-1.4490;1.461
14.254000;-0.2054;-0.0527;-1.0225;1.044
14.264000;-0.1603;-0.2185;-0.4602;0.534
14.274000;-0.0629;-0.3143;0.1715;0.364
14.285000;0.0303;-0.3837;0.7848;0.874
14.327000;0.2708;-0.4381;1.1200;1.233
14.329000;0.5639;-0.4851;1.0125;1.256
14.331000;0.8521;-0.4788;0.6451;1.171
14.332000;1.1436;-0.3808;0.2774;1.237
14.335000;1.1538;-0.2985;0.0368;1.192
14.347000;0.9532;-0.3195;0.0700;1.008
14.354000;0.5693;-0.4386;0.3591;0.803
14.364000;-0.0626;-0.8411;0.9045;1.237
14.374000;-0.7815;-1.5724;1.8077;2.520
14.385000;-1.2998;-2.3360;2.9717;3.997
14.394000;-1.6278;-2.8908;4.0832;5.261
14.445000;-1.7077;-3.1374;5.0026;6.147
14.447000;-1.5440;-2.9956;6.0012;6.883
14.449000;-0.5912;-1.4512;5.7138;5.925
14.451000;0.0556;-0.1695;4.7218;4.725
14.452000;0.7803;1.0142;3.2822;3.523
14.455000;1.3644;1.8931;1.7104;2.893
14.465000;1.4967;2.4269;0.2910;2.866
14.475000;1.2266;2.5326;-0.7638;2.916
14.484000;0.6414;2.1474;-1.4920;2.692
14.494000;0.0035;1.3438;-1.7496;2.206
14.539000;-0.5538;0.3130;-1.3481;1.491
14.540000;-0.8519;-0.6389;-0.7723;1.315
14.542000;-0.9814;-1.3384;-0.3833;1.703
14.543000;-0.9746;-1.7230;-0.1601;1.986
14.545000;-0.8309;-1.7989;-0.0541;1.982
14.554000;-0.5483;-1.5648;-0.0446;1.659
14.564000;-0.0071;-1.0467;-0.1197;1.054
14.574000;0.4693;-0.4181;-0.3536;0.721
14.585000;0.7769;0.1843;-0.7591;1.102
14.594000;0.7999;0.6508;-1.0268;1.455
14.625000;0.5979;0.8926;-0.9911;1.462
14.627000;0.2601;0.8519;-0.6846;1.123
14.628000;-0.0623;0.6184;-0.4048;0.742
14.636000;-0.2660;0.3215;-0.4053;0.582
14.644000;-0.3505;0.1421;-0.6496;0.752
14.654000;-0.4503;0.1128;-0.9649;1.071
14.664000;-0.4995;0.2339;-1.3157;1.427
14.673000;-0.4824;0.4373;-1.7615;1.878
14.685000;-0.3598;0.7011;-2.1860;2.324
14.694000;-0.2592;1.0244;-2.4989;2.713
14.741000;-0.1240;1.3683;-2.8199;3.137
14.743000;-0.0258;1.7257;-2.9681;3.433
14.747000;0.1177;2.0484;-2.7319;3.417
14.749000;0.1859;2.2428;-2.1293;3.098
14.751000;0.1247;2.2624;-0.2892;2.284
14.755000;-0.1534;1.9177;0.3418;1.954
14.764000;-0.5128;1.4753;0.8591;1.783
14.774000;-0.8981;1.0543;1.2413;1.860
14.785000;-1.2083;0.7033;1.6636;2.173
14.794000;-1.4971;0.3730;1.9794;2.510
14.841000;-1.6325;0.2108;2.1649;2.720
14.843000;-1.5830;0.0907;2.2210;2.729
14.845000;-1.3841;0.1298;2.1737;2.580
14.847000;-1.1236;0.3595;2.1308;2.436
14.849000;-0.7910;0.6164;2.1208;2.346
14.854000;-0.4443;0.8780;2.0759;2.297
14.865000;-0.1808;1.0670;2.0384;2.308
14.874000;-0.0489;1.1452;1.9388;2.252
14.885000;0.0128;1.1283;1.7639;2.094
14.894000;-0.0428;1.0336;1.6793;1.972
14.923000;-0.0992;0.8356;1.7920;1.980
14.924000;-0.1035;0.5252;1.9483;2.020
14.926000;-0.0271;0.1427;1.8560;1.862
14.935000;0.1040;-0.2176;1.4694;1.489
14.944000;0.1326;-0.5409;0.9171;1.073
14.954000;0.0209;-0.7915;0.4883;0.930
14.965000;-0.2004;-0.9511;0.4495;1.071
14.974000;-0.3908;-1.0975;0.7519;1.387
14.984000;-0.4830;-1.3248;1.3068;1.923
14.994000;-0.4142;-1.5961;1.9085;2.522
15.005000;-0.2419;-1.7709;2.4371;3.022
15.050000;0.0339;-1.8093;2.5082;3.093
15.052000;0.2609;-1.6895;2.1301;2.731
15.054000;0.4523;-1.3799;1.1249;1.837
15.055000;0.5212;-0.9453;-0.0506;1.081
15.056000;0.5650;-0.5853;-0.9648;1.262
15.066000;0.6021;-0.3180;-1.4044;1.561
15.074000;0.5121;-0.2210;-1.4522;1.556
15.084000;0.0716;-0.5553;-0.6458;0.855
15.094000;-0.0912;-0.7850;-0.1150;0.799
15.104000;-0.2235;-1.0171;0.2064;1.062
15.147000;-0.2833;-1.1149;0.2294;1.173
15.149000;-0.2699;-1.0762;0.0085;1.110
15.150000;-0.1543;-0.9578;-0.4399;1.065
15.151000;0.0772;-0.7810;-1.0609;1.320
15.154000;0.3374;-0.5368;-1.6634;1.780
15.164000;0.6286;-0.2854;-2.1452;2.254
15.173000;0.8147;-0.0077;-2.5285;2.656
15.184000;0.7702;0.2294;-2.8712;2.982
15.194000;0.4822;0.4013;-3.1254;3.188
15.204000;0.1790;0.5026;-3.2374;3.281
15.242000;0.0617;0.5107;-3.1965;3.238
15.244000;0.1522;0.4878;-3.0887;3.131
15.246000;0.2102;0.5015;-2.9577;3.007
15.247000;0.3187;0.6057;-2.8492;2.930
15.254000;0.4270;0.8123;-2.7627;2.911
15.265000;0.3864;1.1093;-2.5603;2.817
15.274000;0.4776;1.5125;-2.0861;2.621
15.284000;0.5507;1.7577;-1.4504;2.344
15.294000;0.5104;1.7545;-0.8663;2.022
15.322000;0.3295;1.4558;-0.3691;1.538
15.324000;-0.0446;0.9479;0.1914;0.968
15.324000;-0.4623;0.3490;0.8423;1.022
15.334000;-0.8045;-0.2486;1.5773;1.788
15.344000;-0.9487;-0.7306;2.1890;2.495
15.354000;-0.9989;-1.0072;2.5539;2.921
15.364000;-0.9603;-1.0462;2.6381;2.996
15.373000;-0.6710;-0.8578;2.3872;2.624
15.385000;-0.1801;-0.5293;1.7855;1.871
15.394000;0.3054;-0.1516;1.0991;1.151
15.405000;0.4015;0.2668;1.1381;1.236
15.445000;0.0408;0.0144;2.4646;2.465
15.448000;-0.1326;-0.5243;3.7343;3.773
15.449000;0.0748;-1.1421;4.4015;4.548
15.451000;0.5295;-1.5621;4.9361;5.204
15.454000;1.0254;-1.6706;5.1720;5.531
15.465000;1.6650;-1.4413;4.6198;5.118
15.474000;2.2903;-1.0111;3.3196;4.158
15.484000;2.6028;-0.4293;1.6600;3.117
15.494000;2.5385;0.0881;-0.2467;2.552
15.505000;2.1217;0.3630;-1.4055;2.571
15.547000;1.6013;0.3497;-1.5745;2.273
15.549000;1.2066;-0.0663;-1.0510;1.601
15.550000;1.1927;-0.7534;-0.3809;1.461
15.551000;1.3893;-1.4422;0.2200;2.015
15.554000;1.4120;-1.9659;0.6183;2.498
15.565000;1.1766;-2.2846;0.7434;2.675
15.574000;0.7445;-2.3928;0.7406;2.613
15.584000;0.2181;-2.2498;0.8197;2.404
15.594000;-0.2111;-1.9828;0.8809;2.180
15.604000;-0.4736;-1.7002;0.8858;1.975
15.649000;-0.5440;-1.4469;0.6498;1.677
15.651000;-0.4771;-1.1792;0.2256;1.292
15.652000;-0.2809;-0.8349;-0.4181;0.975
15.652000;-0.0207;-0.4389;-1.2962;1.369
15.654000;0.1734;-0.0303;-2.2323;2.239
15.665000;0.4049;0.3460;-3.0821;3.128
15.674000;0.6205;0.6611;-3.9949;4.097
15.684000;0.6904;1.0087;-4.7464;4.901
15.693000;0.5703;1.3743;-5.1656;5.376
15.704000;0.3596;1.7095;-5.1335;5.423
15.743000;0.2251;1.9422;-3.5400;4.044
15.746000;0.1697;1.7967;-2.3089;2.931
15.748000;-0.0659;1.5873;-0.5249;1.673
15.754000;-0.6551;1.1659;-0.1525;1.346
15.766000;-0.7965;0.9369;-0.0892;1.233
15.774000;-0.9139;0.7980;-0.1747;1.226
15.784000;-1.0537;0.8084;-0.2697;1.355
15.794000;-1.1929;0.9261;-0.3056;1.541
15.805000;-1.4392;1.0817;-0.3037;1.826
15.868000;-1.8253;1.1692;-0.2017;2.177
15.870000;-2.3873;1.0671;0.1781;2.621
15.872000;-2.9502;0.7438;0.4939;3.082
15.873000;-3.4462;0.4468;0.8846;3.586
15.875000;-3.9234;0.2211;1.2234;4.116
15.876000;-4.2560;0.1327;1.4885;4.511
15.877000;-4.3191;0.2717;1.7022;4.650
15.884000;-4.1597;0.6724;1.9573;4.646
15.894000;-3.8279;1.1400;2.2117;4.565
15.904000;-3.3737;1.4424;2.5565;4.472
15.944000;-2.7857;1.6290;2.9562;4.376
15.946000;-2.2454;1.6167;3.3287;4.328
15.948000;-1.7549;1.4090;3.5508;4.204
15.950000;-1.2866;1.1126;3.5107;3.901
15.954000;-0.7724;0.8503;3.1846;3.385
15.966000;-0.2710;0.6857;2.6789;2.779
15.974000;0.2673;0.6789;2.1886;2.307
15.984000;0.7055;0.7796;1.9863;2.247
15.994000;1.0634;0.8723;2.1152;2.523
16.004000;1.2322;0.8450;2.3646;2.797
16.066000;1.2521;0.5633;2.4730;2.829
16.068000;1.1604;0.0885;2.2680;2.549
16.070000;1.0245;-0.4311;1.8316;2.143
16.071000;0.8785;-0.8249;1.1788;1.686
16.072000;0.7629;-1.0280;0.5318;1.386
16.073000;0.6861;-1.0782;-0.1904;1.292
16.074000;0.6076;-0.9992;-1.3838;1.812
16.084000;0.5252;-0.5756;-1.6192;1.797
16.094000;0.5392;-0.3389;-1.5429;1.669
16.104000;0.5513;-0.1956;-1.1165;1.260
16.147000;0.5027;-0.2359;-0.4489;0.714
16.149000;0.4957;-0.3866;0.2320;0.670
16.149000;0.4539;-0.6059;0.6363;0.989
16.151000;0.3950;-0.7897;0.5911;1.063
16.154000;0.3937;-0.8921;0.1957;0.995
16.164000;0.4559;-0.8885;-0.3184;1.048
16.174000;0.5822;-0.7840;-0.8408;1.289
16.189000;0.7672;-0.6847;-1.3102;1.666
16.194000;0.8304;-0.6029;-1.5594;1.867
16.236000;0.9077;-0.5338;-1.7666;2.057
16.238000;0.9700;-0.4495;-1.9792;2.249
16.240000;0.9854;-0.3386;-2.2108;2.444
16.241000;0.9996;-0.2598;-2.4694;2.677
16.244000;1.0391;-0.1992;-2.6681;2.870
16.254000;1.1340;-0.1272;-2.9012;3.118
16.266000;1.2199;-0.0967;-3.0594;3.295
16.274000;1.1450;-0.0834;-3.0361;3.246
16.284000;0.8569;-0.0682;-2.5263;2.669
16.294000;0.5529;-0.0712;-1.5010;1.601
16.305000;0.3404;-0.2267;-0.4193;0.586
16.366000;0.1895;-0.5843;0.3330;0.699
16.368000;0.1787;-0.9912;0.7539;1.258
16.369000;0.3383;-1.2943;1.1032;1.734
16.371000;0.5742;-1.4008;1.3924;2.057
16.372000;0.9396;-1.2917;1.5333;2.214
16.373000;1.2786;-1.0412;1.2631;2.077
16.374000;1.3126;-0.7542;0.7580;1.693
16.386000;1.1541;-0.4572;0.4588;1.323
16.394000;0.8942;-0.2280;0.6359;1.121
16.407000;0.7488;-0.1756;2.2476;2.376
16.414000;0.8465;-0.2716;2.9503;3.081
16.449000;0.9698;-0.4610;3.0641;3.247
16.451000;0.9481;-0.7490;2.7017;2.960
16.453000;0.7731;-0.9223;2.3421;2.633
16.454000;0.3971;-0.9004;2.1199;2.337
16.464000;-0.0514;-0.7530;1.9717;2.111
16.474000;-0.4077;-0.6705;1.8442;2.004
16.488000;-0.6149;-0.7066;1.7378;1.974
16.493000;-0.6917;-0.8299;1.7230;2.034
16.538000;-0.7089;-1.0008;1.6685;2.071
16.540000;-0.6872;-1.1232;1.5170;2.009
16.541000;-0.5823;-1.1294;1.3683;1.867
16.542000;-0.3768;-0.9998;1.2263;1.626
16.544000;-0.1190;-0.7814;1.0329;1.301
16.554000;0.1644;-0.5505;0.7495;0.944
16.564000;0.3966;-0.4034;0.4265;0.708
16.574000;0.5211;-0.3743;0.1806;0.667
16.587000;0.5514;-0.4298;-0.0280;0.700
16.594000;0.5283;-0.5142;-0.2490;0.778
16.633000;0.4995;-0.4829;-0.5082;0.861
16.635000;0.4819;-0.4050;-0.8182;1.032
16.635000;0.4526;-0.3225;-1.3963;1.503
16.636000;0.3606;-0.1880;-1.9240;1.966
16.644000;0.2204;-0.0177;-2.3312;2.342
16.654000;0.1176;0.1300;-2.5919;2.598
16.664000;0.1474;0.2706;-2.7743;2.791
16.674000;0.2465;0.3986;-3.0177;3.054
16.688000;0.3534;0.5242;-3.3161;3.376
16.694000;0.5205;0.6928;-3.5897;3.693
16.756000;0.5969;0.8933;-3.6397;3.795
16.758000;0.4954;1.0717;-3.2275;3.437
16.759000;0.5137;1.2198;-2.3068;2.659
16.761000;0.5862;1.2920;-1.2023;1.860
16.762000;0.5676;1.1884;0.1264;1.323
16.763000;0.2894;1.0085;0.3742;1.114
16.764000;0.0224;0.8490;0.6707;1.082
16.775000;-0.2135;0.6564;0.9220;1.152
16.787000;-0.4651;0.4547;0.9970;1.190
16.794000;-0.7044;0.3662;0.9884;1.268
16.832000;-0.9965;0.3340;0.9548;1.420
16.834000;-1.3837;0.2702;0.8762;1.660
16.835000;-1.5876;0.1698;0.8508;1.809
16.837000;-1.5788;0.1535;0.7228;1.743
16.844000;-1.5952;0.2264;0.4393;1.670
16.854000;-1.6782;0.3158;-0.0149;1.708
16.864000;-1.7553;0.5343;-0.3233;1.863
16.875000;-1.8774;0.8591;-0.0603;2.066
16.887000;-2.0385;1.0196;1.0177;2.496
16.893000;-1.9553;0.9084;2.1845;3.069
16.944000;-1.7773;0.6325;2.9166;3.474
16.947000;-1.5514;0.3172;2.9825;3.377
16.949000;-1.3511;0.0023;2.1619;2.549
16.951000;-1.1155;-0.0617;0.5975;1.267
16.952000;-0.9420;0.0728;-0.4966;1.067
16.955000;-0.7901;0.2429;0.1229;0.836
16.964000;-0.5276;0.3030;2.0414;2.130
16.974000;-0.2579;0.1088;3.5803;3.591
16.988000;-0.1919;-0.3208;4.2470;4.263
16.994000;-0.2698;-0.8245;4.3420;4.428
17.031000;-0.4392;-1.3031;3.8686;4.106
17.033000;-0.5124;-1.6337;2.8161;3.296
17.035000;-0.3753;-1.6609;1.4107;2.211
17.036000;-0.1596;-1.4046;0.0808;1.416
17.044000;0.0474;-0.9621;-0.8858;1.309
17.054000;0.2633;-0.5017;-1.7556;1.845
17.064000;0.3748;-0.1034;-2.4577;2.488
17.074000;0.0331;0.1605;-2.0902;2.097
17.090000;-0.1931;-0.0973;-1.2770;1.295
17.094000;-0.2775;-0.5083;-0.5288;0.784
17.153000;-0.2649;-0.8419;-0.2454;0.916
17.155000;-0.2336;-1.0200;-0.4190;1.127
17.156000;-0.0954;-0.9847;-1.0418;1.437
17.156000;0.1379;-0.7233;-1.7791;1.925
17.157000;0.4342;-0.3913;-2.4773;2.545
17.159000;0.7766;-0.0801;-2.9199;3.023
17.164000;1.1903;0.2491;-3.0960;3.326
17.174000;1.4344;0.6222;-3.1240;3.493
17.188000;1.2937;0.9277;-2.8861;3.296
17.195000;0.8800;0.9851;-2.3957;2.736
17.234000;0.5519;0.7734;-1.8419;2.072
17.236000;0.2804;0.4158;-1.4329;1.518
17.237000;-0.0127;0.1043;-1.1233;1.128
17.238000;-0.3208;-0.0500;-0.8834;0.941
17.244000;-0.5650;-0.0759;-0.6139;0.838
17.254000;-0.6391;-0.0508;-0.2894;0.703
17.264000;-0.6388;-0.1058;-0.0426;0.649
17.274000;-0.5956;-0.2734;0.2165;0.690
17.288000;-0.5451;-0.5457;0.5608;0.954
17.294000;-0.4850;-0.8439;1.0886;1.460
17.326000;-0.4344;-1.1490;1.7703;2.155
17.328000;-0.3842;-1.3375;2.4258;2.797
17.329000;-0.3731;-1.5139;3.0221;3.401
17.336000;-0.3630;-1.5681;3.4401;3.798
17.344000;-0.3153;-1.4310;3.5863;3.874
17.354000;-0.3053;-1.1447;3.4805;3.677
17.363000;-0.3167;-0.8327;3.1961;3.318
17.373000;-0.3163;-0.5561;2.9166;2.986
17.388000;-0.2618;-0.3448;2.5473;2.584
17.394000;-0.2353;-0.3007;2.0407;2.076
17.437000;-0.4164;-0.7055;0.9680;1.268
17.438000;-0.5180;-0.8223;0.6666;1.178
17.439000;-0.5380;-0.6997;0.4850;1.007
17.440000;-0.4043;-0.4031;0.2925;0.641
17.443000;-0.1256;-0.0924;0.1097;0.191
17.454000;0.2052;0.0882;0.1820;0.288
17.464000;0.4192;0.0514;0.5878;0.724
17.474000;0.4490;-0.1999;1.0738;1.181
17.491000;0.4422;-0.5963;1.4831;1.658
17.494000;0.5833;-0.9076;1.6254;1.951
17.541000;0.6944;-1.1382;1.5882;2.074
17.543000;0.8797;-1.1823;1.1342;1.860
17.544000;0.9674;-0.9210;0.4123;1.398
17.545000;0.9763;-0.3159;-0.3661;1.090
17.546000;0.8949;0.4737;-0.6578;1.207
17.554000;0.7466;1.2530;-0.4636;1.530
17.564000;0.5325;1.8517;-0.0766;1.928
17.574000;0.3145;2.2198;0.2254;2.253
17.593000;0.0409;2.2399;0.2134;2.250
17.595000;-0.4418;1.9453;-0.1043;1.998
17.637000;-0.9457;1.4691;-0.5757;1.840
17.639000;-1.4140;0.9941;-1.1286;2.064
17.641000;-1.7141;0.5871;-1.6468;2.448
17.643000;-1.7712;0.3280;-2.0737;2.747
17.645000;-1.6705;0.1984;-2.3389;2.881
17.654000;-1.5192;0.1709;-2.4534;2.891
17.663000;-1.3935;0.2237;-2.4237;2.805
17.674000;-1.2610;0.3200;-2.4918;2.811
17.688000;-1.0694;0.4307;-2.5666;2.814
17.694000;-0.7617;0.6090;-2.4828;2.667
17.730000;-0.5699;0.8059;-1.8519;2.099
17.732000;-0.4023;1.0468;-0.8182;1.388
17.734000;-0.2715;1.2491;-0.0241;1.278
17.735000;-0.1427;1.4596;0.3725;1.513
17.744000;-0.1833;1.8031;0.4188;1.860
17.754000;-0.3474;1.6984;0.4814;1.799
17.763000;-0.4460;1.4194;0.7998;1.689
17.774000;-0.4775;1.0385;1.3537;1.772
17.789000;-0.3879;0.7719;1.9323;2.117
17.794000;-0.4552;0.6031;2.5364;2.647
17.842000;-0.5727;0.4515;3.6435;3.716
17.844000;-0.7568;0.2969;4.9934;5.059
17.846000;-1.3181;-0.0710;6.0933;6.235
17.848000;-1.7537;-0.6519;6.4105;6.678
17.849000;-2.1539;-1.3805;5.4610;6.031
17.854000;-2.3573;-1.9506;3.0873;4.347
17.864000;-2.3765;-2.1329;0.6616;3.261
17.874000;-2.1452;-2.0903;-1.0154;3.163
17.890000;-1.6554;-1.9776;-2.1690;3.370
17.894000;-1.1024;-1.7909;-2.6247;3.363
17.933000;-0.5298;-1.5613;-2.0021;2.594
17.935000;0.0681;-1.4624;-0.4129;1.521
17.936000;0.5819;-1.6804;1.0517;2.066
17.937000;0.8524;-2.0440;1.7534;2.825
17.943000;0.8288;-2.4745;2.1484;3.380
17.954000;0.7176;-2.8696;1.8893;3.510
17.964000;0.6638;-3.0778;0.9298;3.283
17.974000;0.5711;-3.0560;-0.4362;3.139
17.990000;0.5664;-2.7657;-1.6785;3.284
17.994000;0.6836;-2.1745;-2.5192;3.397
18.050000;0.8485;-1.4221;-3.0513;3.472
18.052000;1.1319;-0.7602;-3.2795;3.552
18.054000;1.4239;-0.1450;-3.1161;3.429
18.056000;1.7910;0.3472;-2.7628;3.311
18.058000;2.0122;0.6572;-2.3987;3.199
18.059000;2.2303;0.8070;-2.2198;3.249
18.064000;2.4648;0.9090;-2.1522;3.396
18.074000;2.4309;1.1391;-2.5801;3.723
18.091000;2.1934;1.2217;-3.0611;3.959
18.094000;1.8986;1.2896;-3.4001;4.102
18.139000;1.6352;1.3450;-3.4995;4.090
18.141000;1.4486;1.3523;-3.2278;3.788
18.142000;1.3937;1.3612;-2.4486;3.129
18.144000;1.4071;1.4177;-1.4727;2.482
18.145000;1.4609;1.5391;-0.6172;2.210
18.155000;1.4531;1.6794;-0.1083;2.223
18.164000;1.2944;1.7864;0.0445;2.207
18.174000;1.0739;1.8940;-0.1212;2.181
18.190000;0.7287;1.9952;-0.2114;2.135
18.194000;0.3773;2.0664;-0.0075;2.101
18.250000;-0.0293;2.1062;0.6194;2.196
18.252000;-0.3351;2.1419;1.3668;2.563
18.254000;-0.6199;2.1065;1.9583;2.942
18.255000;-0.9738;1.8553;2.3275;3.132
18.257000;-1.3942;1.3679;2.7280;3.355
18.258000;-1.4539;0.7321;2.9956;3.409
18.264000;-1.1519;0.1124;2.8592;3.085
18.274000;-0.5995;-0.2532;2.3513;2.440
18.291000;0.0596;-0.2222;1.6912;1.707
18.294000;0.7036;0.1233;1.1311;1.338
18.338000;1.1036;0.5694;0.8776;1.521
18.340000;1.0673;0.9141;0.9190;1.679
18.341000;0.5510;1.0286;1.4875;1.891
18.342000;-0.2366;0.7845;2.6252;2.750
18.345000;-0.9387;0.2945;3.8158;3.941
18.357000;-1.5035;-0.2882;4.7774;5.017
18.375000;-1.5380;-1.5384;6.1145;6.490
18.389000;-1.2047;-1.8105;6.1312;6.505
18.394000;-0.9919;-1.7064;5.4951;5.839
18.454000;-0.5478;-0.5720;1.8851;2.045
18.457000;-0.0742;0.0128;-0.0780;0.108
18.458000;0.2622;0.5424;-1.9746;2.064
18.459000;0.2816;0.8999;-3.1245;3.264
18.461000;0.1247;0.9627;-3.3840;3.520
18.463000;-0.1820;0.6447;-2.7085;2.790
18.465000;-0.3174;-0.0677;-1.3639;1.402
18.475000;-0.2968;-0.8303;-0.2008;0.904
18.485000;-0.4833;-1.4305;0.8423;1.729
18.497000;-0.6737;-1.8943;1.6204;2.582
18.545000;-0.9581;-2.2150;2.0647;3.176
18.547000;-1.2245;-2.3111;2.1438;3.382
18.553000;-1.3376;-2.2355;1.8968;3.222
18.555000;-1.2678;-1.9822;1.3853;2.731
18.556000;-1.0226;-1.5767;0.6330;1.983
18.558000;-0.6841;-1.1019;-0.2999;1.331
18.564000;-0.3087;-0.6502;-1.2331;1.428
18.574000;-0.0390;-0.2952;-1.8464;1.870
18.590000;0.1866;-0.0495;-2.2259;2.234
18.594000;0.2693;0.0973;-2.6417;2.657
18.657000;0.1973;0.1503;-3.0131;3.023
18.659000;0.0578;0.1297;-3.3660;3.369
18.660000;-0.0587;0.0822;-3.6993;3.701
18.661000;-0.0855;0.1461;-3.8969;3.901
18.662000;-0.0548;0.3296;-3.9316;3.946
18.663000;0.0683;0.6011;-3.6837;3.733
18.664000;0.2384;0.8882;-3.1069;3.240
18.674000;0.4647;1.1332;-2.3695;2.667
18.683000;0.6348;1.3208;-1.7285;2.266
18.695000;0.7573;1.4417;-1.2486;2.052
18.738000;0.7937;1.5048;-0.8291;1.893
18.740000;0.7728;1.5320;-0.4655;1.778
18.741000;0.6397;1.3766;-0.3449;1.557
18.742000;-0.3609;0.2540;0.2856;0.526
18.744000;-1.0014;-0.4189;0.8471;1.377
18.754000;-1.6301;-0.8723;1.2766;2.247
18.763000;-2.0661;-1.1660;1.4994;2.807
18.774000;-2.3021;-1.2419;1.6084;3.071
18.784000;-2.1167;-1.0512;1.8044;2.973
18.794000;-1.3636;-0.5914;2.0384;2.523
18.842000;-0.2753;0.2047;2.2296;2.256
18.843000;0.8313;1.2469;2.5012;2.916
18.844000;1.7497;2.3162;2.7163;3.975
18.845000;2.4129;3.3753;2.9661;5.100
18.847000;3.2491;4.8039;2.8744;6.473
18.854000;4.4104;6.9292;1.8254;8.414
18.863000;4.0442;5.7795;1.4049;7.192
18.874000;2.4775;2.9295;2.3212;4.484
18.884000;0.4043;0.6337;3.1981;3.285
18.894000;-1.5027;-0.3314;3.6401;3.952
18.938000;-2.3728;-0.2406;4.0093;4.665
18.940000;-1.6900;0.5401;4.6847;5.009
18.942000;0.1705;1.3539;4.8895;5.076
18.943000;1.8484;1.6031;4.3793;5.017
18.944000;2.3572;1.2854;3.3828;4.319
18.954000;1.8599;0.5440;2.1142;2.868
18.964000;0.7345;-0.4081;0.6219;1.045
18.975000;-0.4655;-1.3470;-0.9053;1.688
18.984000;-1.2550;-1.9704;-2.0974;3.139
18.995000;-1.5575;-2.1598;-2.8387;3.892
19.047000;-1.5871;-1.9728;-3.1705;4.057
19.049000;-1.3827;-1.6658;-3.2005;3.864
19.051000;-1.1070;-1.4706;-3.0730;3.582
19.053000;-0.9511;-1.5451;-3.0126;3.517
19.055000;-0.9727;-1.7424;-3.1879;3.761
19.057000;-0.9558;-1.8560;-3.5511;4.119
19.063000;-0.2753;-1.7377;-3.5915;3.999
19.073000;0.2759;-1.0830;-3.1066;3.301
19.083000;0.9260;-0.6682;-2.4575;2.710
19.094000;1.4479;-0.2777;-1.7234;2.268
19.137000;1.4873;-0.1334;-0.9848;1.789
19.138000;1.0718;-0.3066;-0.3638;1.173
19.139000;0.4158;-0.7053;-0.1922;0.841
19.141000;-0.2713;-1.2112;-0.2945;1.276
19.144000;-0.8184;-1.6704;-0.5741;1.947
19.154000;-1.1541;-2.0294;-0.7858;2.463
19.163000;-1.1487;-2.1589;-0.9012;2.606
19.174000;-0.9210;-2.0140;-0.9220;2.399
19.183000;-0.4611;-1.6644;-0.9648;1.978
19.194000;0.0945;-1.1995;-1.0028;1.566
19.250000;0.5062;-0.7428;-1.0018;1.346
19.253000;0.8044;-0.4410;-1.0763;1.414
19.255000;1.0865;-0.3651;-1.4579;1.854
19.256000;0.9992;-0.4008;-1.9431;2.221
19.257000;0.5755;-0.4020;-2.3357;2.439
19.258000;0.1662;-0.3636;-2.5843;2.615
19.264000;-0.0462;-0.3594;-2.7139;2.738
19.274000;-0.0789;-0.3334;-2.6939;2.716
19.284000;0.0856;-0.2623;-2.6672;2.681
19.294000;0.2749;-0.1431;-2.2486;2.270
19.342000;0.0845;-0.1267;-0.8326;0.846
19.343000;-0.3902;-0.2516;1.6010;1.667
19.344000;-0.6748;-0.6047;3.8157;3.922
19.346000;-0.5986;-1.2718;5.5003;5.677
19.347000;-0.4718;-1.8928;6.4186;6.709
19.356000;-0.6509;-2.2869;6.4304;6.856
19.364000;-1.0301;-2.3772;5.8572;6.405
19.374000;-0.6727;-1.7615;3.2558;3.762
19.383000;-0.6808;-1.7398;3.2535;3.752
19.394000;-0.1300;-1.1899;0.1495;1.206
19.456000;0.8812;-0.4100;-0.8864;1.315
19.458000;1.1486;-0.3002;-1.3423;1.792
19.460000;1.1810;-0.4831;-1.5426;2.002
19.461000;1.2552;-0.6962;-1.5661;2.124
19.463000;1.2569;-0.6707;-1.1300;1.818
19.464000;1.3204;-0.3345;-0.1030;1.366
19.464000;1.6500;0.1979;1.4585;2.211
19.474000;1.9031;0.5830;3.2267;3.791
19.484000;2.0176;0.6606;4.8447;5.289
19.495000;1.8569;0.4461;6.0885;6.381
19.541000;1.3293;-0.0265;6.5680;6.701
19.543000;0.4741;-0.4912;6.5602;6.596
19.545000;-0.2400;-0.7453;6.3140;6.362
19.546000;-0.6885;-1.0337;4.5781;4.744
19.547000;-1.1425;-1.2219;2.4104;2.934
19.557000;-1.4188;-1.2474;0.7405;2.029
19.564000;-1.4278;-1.0339;-0.6121;1.866
19.574000;-1.2727;-0.6184;-1.7490;2.250
19.584000;-1.0488;-0.1393;-2.7782;2.973
19.594000;-0.7749;0.3795;-3.6478;3.748
19.661000;-0.4910;1.0022;-4.2304;4.375
19.663000;-0.2134;1.6890;-4.3438;4.666
19.665000;0.1459;2.3214;-3.9920;4.620
19.666000;0.5188;2.7513;-3.2653;4.301
19.668000;0.7611;2.9706;-2.3345;3.854
19.671000;0.7524;2.8926;-1.6025;3.391
19.673000;0.4317;2.6003;-1.1575;2.879
19.676000;0.0074;2.2687;-0.7114;2.378
19.684000;-0.4667;1.9205;-0.1675;1.983
19.695000;-0.8602;1.4854;0.3998;1.762
19.743000;-1.3271;0.9527;0.9238;1.877
19.746000;-1.7067;0.5030;1.3627;2.241
19.747000;-1.8526;0.1773;1.5988;2.453
19.748000;-1.5011;-0.1042;1.4779;2.109
19.750000;-1.0526;0.1363;1.0585;1.499
19.755000;-0.7094;0.4374;0.5917;1.022
19.764000;-0.4788;0.6502;0.0187;0.808
19.774000;-0.3897;0.7253;-0.6630;1.057
19.784000;-0.4893;0.6871;-1.2335;1.494
19.794000;-0.6168;0.5311;-1.6272;1.819
19.874000;-0.5636;0.3108;-2.0526;2.151
19.876000;-0.2874;0.1916;-2.5654;2.589
19.878000;0.2216;0.3960;-3.0823;3.116
19.878000;0.8573;0.8663;-2.9368;3.180
19.879000;1.4773;1.4117;-1.7950;2.720
19.881000;1.7159;1.7660;0.5187;2.516
19.882000;1.7148;1.5814;3.2178;3.974
19.884000;1.5401;0.7967;4.9935;5.286
19.885000;1.0321;-0.3957;4.8678;4.992
19.894000;0.4147;-1.4266;4.4384;4.680
19.911000;0.1544;-1.8764;3.4113;3.896
19.918000;0.2220;-1.7187;2.0732;2.702
19.981000;0.3444;-1.1959;0.7799;1.469
19.983000;0.4169;-0.5436;-0.2430;0.727
19.984000;0.2708;0.0867;-0.8415;0.888
19.985000;-0.3707;0.2980;-0.9527;1.065
19.986000;-0.3964;0.6386;-1.0834;1.319
19.987000;-0.5632;0.8400;-0.8848;1.344
19.989000;-0.9690;0.7900;-0.3811;1.307
19.995000;-1.3270;0.5401;0.1540;1.441
20.008000;-1.5436;0.1321;0.7980;1.743
20.017000;-1.5458;-0.2292;0.7300;1.725
20.056000;-1.4642;-0.4858;0.0781;1.545
20.058000;-1.4320;-0.6684;-0.4474;1.642
20.061000;-1.3780;-0.7250;-0.8942;1.796
20.062000;-1.2108;-0.6080;-1.1296;1.764
20.064000;-0.5870;0.0325;-0.8810;1.059
20.074000;-0.2599;0.3206;-0.7516;0.857
20.084000;0.0431;0.5008;-0.7003;0.862
20.095000;0.2435;0.5666;-0.8786;1.073
20.141000;0.3384;0.4977;-1.3087;1.440
20.143000;0.2926;0.4013;-1.7989;1.866
20.144000;0.2373;0.3174;-2.0033;2.042
20.145000;0.1853;0.2047;-1.7243;1.746
20.146000;0.2037;0.0468;-0.9307;0.954
20.155000;0.4213;-0.1085;-0.0877;0.444
20.164000;0.7017;-0.3395;0.5308;0.943
20.174000;1.1071;-0.7623;1.1315;1.757
20.183000;1.5959;-1.3574;1.4305;2.537
20.195000;1.9580;-2.0859;1.4180;3.193
20.240000;2.1091;-2.7849;1.1441;3.676
20.242000;2.0453;-3.2601;0.8121;3.933
20.243000;1.8242;-3.3723;0.4957;3.866
20.244000;1.2647;-3.1292;0.3339;3.392
20.246000;0.5804;-2.6287;0.2524;2.704
20.256000;-0.0252;-2.1119;0.2023;2.122
20.264000;-0.4685;-1.7162;0.1991;1.790
20.274000;-0.5880;-1.5769;0.1602;1.691
20.285000;-0.4078;-1.6003;0.0915;1.654
20.293000;-0.0349;-1.6339;0.1176;1.639
20.351000;0.4142;-1.4785;0.2921;1.563
20.353000;0.8079;-1.0325;0.6408;1.459
20.354000;1.1636;-0.3135;1.0492;1.598
20.355000;1.4644;0.4406;1.3227;2.022
20.355000;1.6709;1.0521;1.4420;2.445
20.356000;1.4539;1.3344;1.4091;2.425
20.363000;0.8619;1.2083;1.0646;1.827
20.376000;0.0199;0.6024;0.6345;0.875
20.384000;-0.9284;-0.3250;0.6262;1.166
20.393000;-2.4162;-1.9823;1.0497;3.297
20.409000;-2.6682;-2.2754;1.0911;3.672
20.414000;-2.6499;-2.2380;1.0835;3.634
20.468000;-2.3700;-1.8573;0.9085;3.145
20.477000;-1.9114;-1.2166;0.4306;2.306
20.478000;-1.3952;-0.3895;-0.1185;1.453
20.479000;-0.9223;0.3927;-0.5739;1.155
20.480000;-0.5861;0.9786;-0.6727;1.324
20.481000;-0.4587;1.3259;-0.5422;1.504
20.484000;-0.5495;1.4062;-0.2129;1.525
20.494000;-0.8239;1.2018;0.0154;1.457
20.511000;-1.1697;0.7890;-0.0822;1.413
20.514000;-1.4292;0.3943;-0.4031;1.536
20.561000;-1.5285;0.1678;-0.9086;1.786
20.564000;-1.4348;0.1283;-1.3853;1.999
20.566000;-1.2397;0.3569;-1.7289;2.157
20.567000;-0.9500;0.7436;-1.9779;2.317
20.568000;-0.5355;1.1089;-2.1552;2.482
20.575000;-0.1091;1.5779;-2.0830;2.615
20.583000;0.3632;2.0096;-1.8940;2.785
20.596000;0.7640;2.3698;-1.3976;2.855
20.610000;0.9648;2.6598;-0.5226;2.877
20.614000;1.0416;2.9546;0.8208;3.239
20.667000;1.0057;3.1485;2.3318;4.045
20.670000;0.9069;3.0580;3.0935;4.443
20.673000;0.6075;2.5605;3.0696;4.043
20.675000;0.0239;1.6913;2.7563;3.234
20.676000;-0.8609;0.7299;2.6841;2.912
20.676000;-1.9360;-0.1188;2.7858;3.395
20.684000;-2.9453;-0.7541;2.9898;4.264
20.694000;-3.7024;-1.1464;3.0855;4.954
20.705000;-4.0914;-1.2663;3.2223;5.360
20.744000;-3.9675;-1.0991;3.3022;5.278
20.746000;-2.6191;-0.2517;2.9193;3.930
20.747000;-1.9201;0.3392;2.8946;3.490
20.749000;-1.6131;0.8818;3.1025;3.606
20.758000;-1.4592;1.2053;3.1132;3.643
20.763000;-1.2789;1.2126;2.4788;3.041
20.774000;-1.0829;0.9321;1.2195;1.878
20.784000;-1.0002;0.6318;-0.1205;1.189
20.794000;-0.9943;0.4243;-1.1187;1.556
20.804000;-0.9619;0.3513;-1.6136;1.911
20.862000;-0.9011;0.3261;-1.5167;1.794
20.864000;-0.8103;0.2710;-1.0034;1.318
20.864000;-0.5677;0.1370;-0.3510;0.681
20.866000;-0.3012;-0.1076;0.0305;0.321
20.866000;-0.0272;-0.3521;0.3086;0.469
20.867000;0.2806;-0.4172;0.5018;0.710
20.875000;0.6327;-0.3141;0.4951;0.863
20.884000;0.9773;-0.1920;0.0313;0.996
20.894000;1.1445;-0.0104;-0.6170;1.300
20.904000;1.3458;0.3035;-1.2281;1.847
20.915000;1.5059;0.6520;-1.7004;2.363
20.963000;1.5937;0.8668;-1.8868;2.618
20.965000;1.5959;0.9879;-1.9897;2.735
20.966000;1.5309;1.0090;-1.8744;2.622
20.967000;1.4151;0.8625;-1.4948;2.232
20.969000;1.2958;0.6505;-1.0014;1.762
20.976000;1.2926;0.5515;-0.4175;1.466
20.984000;1.2608;0.6021;0.0931;1.400
20.994000;1.0720;0.6083;0.1539;1.242
21.011000;0.9369;0.5802;-0.0283;1.102
21.015000;0.9509;0.5833;-0.1844;1.131
21.079000;0.9665;0.5194;-0.4982;1.205
21.081000;0.9004;0.4330;-0.8963;1.342
21.082000;0.7890;0.3591;-0.9512;1.287
21.082000;0.2017;0.0441;-0.3862;0.438
21.083000;-0.0980;-0.2635;-0.2686;0.389
21.083000;-0.4636;-0.6387;-0.3881;0.879
21.084000;-0.9311;-0.9982;-0.8110;1.588
21.094000;-1.2884;-1.2600;-1.4605;2.320
21.104000;-1.3307;-1.3476;-1.9896;2.747
21.114000;-0.9963;-1.1873;-2.1289;2.633
21.159000;-0.2185;-0.8625;-1.7434;1.957
21.161000;0.7688;-0.4537;-0.8330;1.221
21.162000;1.6534;-0.0771;0.3873;1.700
21.163000;2.1619;0.2354;1.6448;2.727
21.164000;2.4739;0.3876;3.0401;3.939
21.174000;2.6515;0.2546;4.0883;4.880
21.184000;2.6383;-0.1904;4.6040;5.310
21.200000;2.3970;-0.8149;4.5580;5.214
21.205000;2.0028;-1.5364;4.0068;4.736
21.259000;1.5414;-2.1927;3.3414;4.284
21.261000;1.1247;-2.7185;2.7272;4.012
21.263000;0.8549;-3.0704;2.1319;3.834
21.264000;0.7055;-3.1477;1.6419;3.620
21.266000;0.5540;-2.9861;1.0939;3.228
21.267000;0.3809;-2.5426;0.5137;2.622
21.275000;0.4391;-1.9397;-0.0653;1.990
21.284000;0.7956;-1.4023;-0.9000;1.846
21.298000;1.3315;-0.9562;-2.0392;2.616
21.358000;1.4817;-0.6435;-2.8333;3.261
21.360000;1.3577;-0.3205;-2.9124;3.229
21.361000;0.8170;-0.2719;-2.6127;2.751
21.362000;0.3538;-0.4417;-1.6931;1.785
21.363000;0.2100;-0.7278;-0.4063;0.860
21.364000;0.2739;-1.0124;0.5229;1.172
21.365000;0.4590;-1.1245;1.1512;1.673
21.374000;0.7228;-0.9730;1.4158;1.864
21.384000;0.7168;-0.8875;0.6185;1.298
21.394000;0.2739;-0.5211;-0.1458;0.606
21.404000;0.0579;-0.3529;-0.9772;1.041
21.415000;-0.0661;-0.1719;-1.7522;1.762
21.468000;-0.2115;0.0586;-2.3040;2.314
21.470000;-0.4717;0.2848;-2.6623;2.719
21.472000;-0.7350;0.4956;-2.7911;2.928
21.473000;-0.8690;0.6713;-2.7059;2.920
21.474000;-0.9095;0.8273;-2.5544;2.835
21.476000;-0.8941;1.0042;-2.4765;2.818
21.484000;-0.8002;1.2333;-2.5746;2.965
21.496000;-0.6327;1.4706;-2.8346;3.255
21.504000;-0.4463;1.7649;-3.1732;3.658
21.544000;-0.2735;2.1082;-3.3833;3.996
21.546000;-0.1019;2.4363;-3.2752;4.083
21.547000;-0.1047;2.6549;-2.7923;3.854
21.548000;-0.2666;2.7059;-2.1230;3.450
21.553000;-0.4695;2.5061;-1.2473;2.838
21.564000;-0.8583;2.0671;-0.4965;2.293
21.575000;-1.2290;1.6306;-0.3032;2.064
21.584000;-1.7037;1.2098;-0.1789;2.097
21.594000;-2.3057;0.7403;0.0331;2.422
21.604000;-2.8958;0.2645;0.3413;2.928
21.622000;-3.2942;-0.1287;0.6419;3.359
21.625000;-3.5895;-0.4747;1.0256;3.763
21.684000;-3.7498;-0.6831;1.4982;4.095
21.686000;-3.7553;-0.6861;2.0649;4.340
21.687000;-3.7075;-0.5460;2.8252;4.693
21.688000;-3.5902;-0.3543;3.6400;5.125
21.690000;-3.4679;-0.2028;4.2397;5.481
21.691000;-3.2528;-0.0331;4.0727;5.212
21.699000;-2.9347;0.1426;3.3400;4.448
21.715000;-2.4753;0.4123;2.8977;3.833
21.717000;-1.8944;0.6935;3.0969;3.696
21.767000;-0.7149;1.0295;4.0917;4.279
21.769000;-0.2324;0.9658;4.3876;4.499
21.770000;0.1269;0.7565;4.3476;4.415
21.772000;0.3855;0.5088;3.8435;3.896
21.774000;0.4752;0.2662;3.0241;3.073
21.775000;0.5222;0.0869;2.0042;2.073
21.783000;0.6028;-0.0137;0.8887;1.074
21.795000;0.7438;0.0162;-0.1237;0.754
21.803000;0.9026;0.1837;-0.8555;1.257
21.845000;1.0775;0.4196;-1.4868;1.884
21.847000;1.2699;0.6764;-1.8399;2.336
21.848000;1.3970;0.8203;-2.0285;2.596
21.849000;1.4150;0.8948;-2.0314;2.632
21.854000;1.2859;0.8801;-1.9490;2.495
21.864000;1.0034;0.6376;-1.5687;1.968
21.875000;0.8022;0.2691;-1.0623;1.358
21.883000;0.6832;-0.1325;-0.8565;1.104
21.894000;0.5664;-0.4486;-1.0668;1.288
21.904000;0.5344;-0.6112;-1.5597;1.758
21.915000;0.6157;-0.6450;-2.0119;2.201
21.959000;0.8274;-0.5073;-2.3334;2.527
21.961000;1.1577;-0.3078;-2.4138;2.695
21.962000;1.5057;-0.0807;-2.3943;2.830
21.963000;1.7182;0.1415;-2.0972;2.715
21.964000;1.8030;0.3438;-1.5577;2.407
21.975000;1.7708;0.4967;-1.0905;2.138
21.984000;1.4902;0.5173;-0.6615;1.711
21.994000;1.0534;0.4022;-0.3846;1.191
22.004000;0.5655;0.1510;-0.1508;0.604
22.014000;0.1585;-0.2029;0.1579;0.302
22.071000;-0.0930;-0.5771;0.4941;0.765
22.074000;-0.2083;-0.8803;0.7316;1.163
22.076000;-0.1945;-1.0578;0.7759;1.326
22.077000;0.2543;-0.8837;0.0016;0.920
22.078000;0.5837;-0.4241;-0.5864;0.930
22.079000;0.8349;0.0980;-0.9932;1.301
22.084000;0.7930;0.5067;-0.7373;1.195
22.094000;0.4126;0.4876;0.4569;0.785
22.104000;-0.0822;-0.0871;2.2819;2.285
22.115000;-0.5841;-1.0315;3.5776;3.769
22.160000;-0.8146;-2.0667;4.7454;5.240
22.162000;-0.6384;-2.8990;5.5203;6.268
22.164000;-0.2255;-3.2759;5.7074;6.585
22.165000;0.2088;-3.0283;5.4847;6.269
22.166000;0.7267;-2.1141;4.3670;4.906
22.175000;0.9555;-0.8456;2.3681;2.690
22.184000;1.3618;0.3712;0.4378;1.478
22.194000;1.8579;1.3445;-1.2545;2.614
22.204000;1.9777;1.8268;-2.2821;3.529
22.214000;1.5724;1.6140;-2.2951;3.216
22.287000;0.7537;0.5509;-1.3864;1.671
22.289000;0.1810;-0.7674;-0.3678;0.870
22.291000;-0.2699;-2.1029;0.2603;2.136
22.292000;-0.3995;-3.0107;1.0409;3.211
22.293000;-0.2823;-3.3588;1.8411;3.841
22.295000;-0.0598;-3.1716;2.5136;4.047
22.296000;0.1356;-2.6404;2.9118;3.933
22.298000;0.3956;-1.9590;2.8779;3.504
22.306000;0.7533;-1.3097;2.3145;2.764
22.324000;1.2523;-0.3406;0.2931;1.331
22.334000;1.2417;-0.1026;-0.7741;1.467
22.365000;0.9489;-0.0671;-1.7339;1.978
22.367000;0.5341;-0.1327;-2.6035;2.661
22.368000;0.1755;-0.2198;-3.4393;3.451
22.376000;-0.0029;-0.2188;-4.1473;4.153
22.384000;0.0751;0.3484;-4.6925;4.706
22.394000;0.3535;0.8920;-4.5179;4.619
22.404000;0.6925;1.4859;-4.1200;4.434
22.414000;0.9531;2.0925;-3.5211;4.205
22.472000;1.1015;2.6190;-2.7353;3.944
22.475000;1.0583;3.0042;-1.9098;3.714
22.477000;0.7882;3.1560;-1.0157;3.408
22.479000;0.3072;2.9641;-0.1829;2.986
22.479000;-0.3510;2.4796;0.5360;2.561
22.480000;-1.1403;1.7216;1.1226;2.350
22.484000;-2.0498;0.8070;1.5753;2.708
22.496000;-2.9457;-0.1387;1.9126;3.515
22.504000;-3.7437;-0.8843;1.8822;4.283
22.515000;-4.2620;-1.3109;1.5388;4.717
22.524000;-4.4259;-1.3578;1.0690;4.751
22.563000;-4.1532;-1.0199;0.6517;4.326
22.565000;-3.4499;-0.3721;0.5100;3.507
22.567000;-2.4395;0.3981;0.8585;2.617
22.568000;-1.5909;1.1081;1.8647;2.690
22.576000;-1.1159;1.6071;3.0647;3.636
22.584000;-0.8384;1.7766;3.6472;4.143
22.595000;-0.6058;1.6316;3.3636;3.787
22.604000;-0.4447;1.2100;2.8117;3.093
22.617000;-0.5654;0.6371;2.8022;2.929
22.698000;-0.8851;0.0247;3.3349;3.450
22.700000;-1.2694;-0.6565;3.8312;4.089
22.702000;-1.5425;-1.3374;4.1033;4.583
22.704000;-1.6590;-1.9294;3.9303;4.682
22.706000;-1.6024;-2.3019;3.2293;4.277
22.708000;-1.4108;-2.3241;2.0882;3.428
22.710000;-1.1789;-2.0330;0.8847;2.511
22.711000;-0.8280;-1.5405;-0.1494;1.755
22.711000;-0.4134;-0.9496;-1.1576;1.553
22.714000;0.2873;0.0676;-2.5307;2.548
22.724000;0.5871;0.3819;-2.8350;2.920
22.735000;0.8424;0.5287;-2.9289;3.093
22.782000;1.0449;0.5346;-2.7384;2.979
22.784000;1.2388;0.4530;-2.1674;2.537
22.786000;1.4705;0.3459;-1.5313;2.151
22.787000;1.6808;0.2745;-1.0491;2.000
22.788000;1.7900;0.2584;-0.6836;1.933
22.795000;1.7794;0.2369;-0.4199;1.844
22.804000;1.6399;0.2349;-0.1271;1.661
22.816000;1.4997;0.1583;0.0105;1.508
22.867000;1.3953;0.0337;0.0194;1.396
22.868000;1.3075;-0.1452;-0.1450;1.324
22.869000;1.0914;-0.4038;-0.4144;1.235
22.870000;0.7914;-0.6398;-0.6342;1.199
22.872000;0.4998;-0.8543;-0.7706;1.254
22.879000;0.3191;-1.0630;-1.0179;1.506
22.884000;0.2091;-1.1406;-1.3258;1.761
22.894000;0.2422;-1.0494;-1.6676;1.985
22.904000;0.4543;-0.7471;-1.8793;2.073
22.915000;0.8304;-0.3009;-1.8755;2.073
22.924000;1.3008;0.2239;-1.7031;2.155
22.984000;1.8372;0.7838;-1.5334;2.518
22.986000;2.1782;1.1681;-1.1154;2.712
22.987000;2.4068;1.5180;-0.6223;2.913
22.988000;2.4587;1.5376;-0.1848;2.906
22.990000;2.3662;1.2024;0.0635;2.655
22.991000;2.1580;0.7172;0.1009;2.276
22.996000;1.8298;0.3223;0.3101;1.884
23.003000;1.3753;0.0836;1.0819;1.752
23.014000;0.7504;-0.0992;2.9081;3.005
23.024000;0.3206;-0.2549;5.5294;5.545
23.064000;0.0901;-0.3456;8.0216;8.030
23.067000;0.3032;-0.2846;10.0419;10.051
23.068000;0.7866;-0.3931;8.4454;8.491
23.070000;0.3355;-0.5601;6.6594;6.691
23.073000;-0.1332;-0.5795;5.3966;5.429
23.084000;-0.5718;-0.4701;4.4593;4.520
23.098000;-1.0559;-0.4837;3.6988;3.877
23.105000;-1.3127;-0.7139;3.1847;3.518
23.144000;-1.3441;-1.2063;2.9754;3.481
23.147000;-1.3248;-1.9638;2.9136;3.755
23.149000;-1.2759;-2.7180;2.7861;4.096
23.150000;-1.1763;-3.2570;2.5009;4.272
23.153000;-0.9987;-3.4937;1.9978;4.147
23.164000;-0.6479;-3.4180;1.2235;3.688
23.174000;-0.2644;-3.1558;0.3404;3.185
23.184000;0.0430;-2.7700;-0.4182;2.802
23.197000;0.3739;-2.2087;-0.9892;2.449
23.203000;0.7014;-1.6469;-1.4759;2.320
23.258000;0.9145;-1.2188;-1.8962;2.433
23.260000;1.0350;-0.9977;-2.2667;2.684
23.261000;1.0829;-0.9680;-2.6598;3.031
23.263000;1.0153;-1.0661;-3.1467;3.474
23.264000;0.8768;-1.2313;-3.7357;4.030
23.266000;0.6966;-1.3779;-4.4416;4.702
23.274000;0.6181;-1.3403;-5.1216;5.330
23.284000;0.5747;-1.1282;-5.5458;5.689
23.297000;0.5131;-0.8161;-5.5052;5.589
23.304000;0.5486;-0.4694;-5.1609;5.211
23.353000;0.6695;-0.1002;-4.7545;4.802
23.356000;0.7476;0.2077;-4.4816;4.548
23.357000;0.8027;0.4712;-4.4359;4.533
23.359000;0.9418;0.7819;-4.5034;4.667
23.361000;1.1256;1.1658;-4.6335;4.909
23.366000;1.0937;1.4368;-4.6456;4.984
23.374000;0.8768;1.5579;-4.1919;4.557
23.385000;0.5257;1.5452;-2.7487;3.197
23.400000;0.4832;1.4415;-1.4151;2.077
23.404000;0.6551;1.3812;0.3318;1.564
23.474000;0.8547;1.3565;1.9861;2.553
23.476000;0.5896;1.2816;3.1868;3.485
23.477000;-0.1204;1.0785;3.6734;3.830
23.479000;-0.7939;0.7393;3.2763;3.451
23.481000;-1.2337;0.4789;2.2111;2.577
23.482000;-1.4381;0.4478;0.3498;1.546
23.483000;-1.4642;0.7528;-1.4234;2.176
23.484000;-1.3046;1.2558;-2.8014;3.336
23.500000;-1.0695;1.8212;-3.7418;4.297
23.504000;-0.9709;2.4297;-4.2629;5.002
23.551000;-1.0762;3.0663;-4.0701;5.208
23.553000;-1.3773;3.4461;-2.8777;4.696
23.555000;-1.4649;3.4115;-0.5194;3.749
23.556000;-1.1616;2.9329;2.4483;3.993
23.557000;-0.7132;2.0443;5.1523;5.589
23.564000;-0.4680;0.9412;6.9036;6.983
23.574000;-0.9107;-0.1878;7.1100;7.171
23.584000;-1.8134;-1.0574;5.9797;6.337
23.598000;-2.3103;-1.5079;4.3474;5.149
23.603000;-2.4177;-1.4645;2.4606;3.748
23.614000;-2.2646;-1.0055;1.1059;2.713
23.624000;-1.5508;-0.2374;0.6713;1.706
23.675000;-0.4698;0.2524;1.1374;1.256
23.678000;0.4691;0.0925;2.3032;2.352
23.680000;0.9166;-0.6418;4.0889;4.239
23.681000;0.7784;-1.7792;6.0065;6.313
23.682000;0.1974;-3.0710;7.5708;8.172
23.685000;-0.4303;-4.3241;8.6485;9.679
23.715000;-0.7173;-5.2675;8.6910;10.188
23.718000;-0.8633;-5.6829;7.9942;9.846
23.758000;-0.8631;-4.9939;3.7129;6.283
23.761000;-0.4920;-4.2026;1.3840;4.452
23.763000;0.0491;-3.4640;-0.4452;3.493
23.764000;0.3029;-2.7110;-1.6830;3.205
23.766000;0.4356;-2.2268;-1.9620;3.000
23.767000;0.3678;-2.0729;-1.3988;2.528
23.774000;0.5464;-2.1833;-0.6903;2.354
23.784000;0.5667;-2.4479;-0.4414;2.551
23.798000;0.5314;-2.6705;-0.6591;2.801
23.803000;0.5088;-2.7633;-1.0218;2.990
23.857000;0.6150;-2.6979;-1.2697;3.045
23.859000;0.7970;-2.4542;-1.2647;2.874
23.861000;0.9288;-2.0801;-1.2553;2.601
23.862000;1.0148;-1.6800;-1.3395;2.376
23.862000;1.1371;-1.3429;-1.4980;2.311
23.864000;1.2005;-1.1992;-1.7286;2.422
23.873000;1.0846;-1.1958;-1.7839;2.406
23.884000;0.9140;-1.2684;-1.4741;2.149
23.898000;0.6464;-1.3942;-0.8636;1.763
23.904000;0.3313;-1.5700;-0.2569;1.625
23.942000;-0.1894;-1.9064;0.0623;1.917
23.944000;0.0765;-1.8135;-0.0544;1.816
23.945000;0.5449;-1.5161;-0.0913;1.614
23.954000;0.9666;-1.0226;-0.2322;1.426
23.978000;0.7601;-0.6210;-0.5122;1.107
23.980000;0.2464;-0.4997;-0.4157;0.695
23.984000;-0.2256;-0.7940;0.2358;0.858
23.994000;-0.3330;-1.2429;1.1199;1.706
24.003000;-0.0724;-1.6426;1.5756;2.277
24.018000;0.1190;-1.7773;1.4209;2.279
24.023000;0.2738;-1.5742;0.5200;1.680
24.073000;0.2582;-1.1114;-0.4614;1.231
24.074000;-0.0250;0.2175;-1.1092;1.131
24.075000;-0.4450;0.6772;-0.6901;1.064
24.078000;-0.6961;0.9433;-0.1020;1.177
24.079000;-0.7412;1.0470;0.3180;1.322
24.085000;-0.7830;1.0088;0.6010;1.411
24.102000;-0.6961;0.9455;0.7227;1.379
24.104000;-0.4467;0.9166;0.6219;1.194
24.116000;-0.1961;0.9091;0.5916;1.102
24.124000;-0.1026;0.8604;0.9413;1.279
24.159000;-0.0594;0.8362;1.3528;1.591
24.160000;-0.0372;0.8038;1.5529;1.749
24.161000;-0.0867;0.6136;1.7271;1.835
24.163000;-0.1521;0.2563;1.5596;1.588
24.174000;-0.5882;-0.1375;-0.0174;0.604
24.184000;-1.2196;-0.1267;-3.1782;3.406
24.200000;-0.6165;0.0591;-3.9461;3.994
24.204000;0.5063;0.7505;-1.9427;2.143
24.235000;1.0988;1.9512;0.9922;2.449
24.236000;0.5782;2.6685;2.6165;3.782
24.236000;-0.3788;2.2115;2.0032;3.008
24.247000;-1.2430;1.0101;-0.7010;1.748
24.254000;-1.2259;-0.0016;-3.7303;3.927
